Inches,CPU_Frequency_Numeric,Ram_Numeric,Size_Numeric,Weight_Numeric,Log_Price_dollars,Company_Acer,Company_Apple,Company_Asus,Company_Chuwi,Company_Dell,Company_Fujitsu,Company_Google,Company_HP,Company_Huawei,Company_LG,Company_Lenovo,Company_MSI,Company_Mediacom,Company_Microsoft,Company_Razer,Company_Samsung,Company_Toshiba,Company_Vero,Company_Xiaomi,Cpu_Company_AMD,Cpu_Company_Intel,Memory_Structure_Categories_Flash,Memory_Structure_Categories_HDD,Memory_Structure_Categories_Hybrid,Memory_Structure_Categories_SSD,Gpu_Company_AMD,Gpu_Company_Intel,Gpu_Company_Nvidia,OpSys_Android,OpSys_Chrome OS,OpSys_Linux,OpSys_Mac OS X,OpSys_No OS,OpSys_Windows 10,OpSys_Windows 10 S,OpSys_Windows 7,OpSys_macOS,Actual_LR,Predicted_LR,pctDiff_LR,Diff_LR,Actual_RF,Predicted_RF,pctDiff_RF,Diff_RF,Actual_NN,Predicted_NN,pctDiff_NN,Diff_NN
17.3,2.8,32,1000,4.42,8.280964400553373,0,0,0,0,1,0,0,0,0,0,0,0,0,0,0,0,0,0,0,0,1,0,0,1,0,0,0,1,0,0,0,0,0,1,0,0,0,3948.0,4805.0,22.0,857.0,3948.0,3636.0,8.0,-312.0,3948.0,3547.0,10.0,-401.0
17.3,2.8,32,512,4.42,8.149601735736155,0,0,0,0,1,0,0,0,0,0,0,0,0,0,0,0,0,0,0,0,1,0,0,1,0,0,0,1,0,0,0,0,0,1,0,0,0,3462.0,4509.0,30.0,1047.0,3462.0,3414.0,1.0,-48.0,3462.0,3520.0,2.0,58.0
17.3,2.6,32,256,4.42,8.03268487596762,0,0,0,0,1,0,0,0,0,0,0,0,0,0,0,0,0,0,0,0,1,0,0,1,0,0,0,1,0,0,0,0,0,1,0,0,0,3080.0,4123.0,34.0,1043.0,3080.0,3016.0,2.0,-64.0,3080.0,2782.0,10.0,-298.0
17.3,2.8,16,512,4.36,8.15162164696975,0,0,0,0,1,0,0,0,0,0,0,0,0,0,0,0,0,0,0,0,1,0,0,1,0,0,0,1,0,0,0,0,0,1,0,0,0,3469.0,2191.0,37.0,-1278.0,3469.0,2930.0,16.0,-539.0,3469.0,2607.0,25.0,-862.0
17.3,2.8,16,256,4.2,7.958227192322312,1,0,0,0,0,0,0,0,0,0,0,0,0,0,0,0,0,0,0,0,1,0,0,1,0,0,0,1,0,0,0,0,0,1,0,0,0,2859.0,1552.0,46.0,-1307.0,2859.0,2366.0,17.0,-493.0,2859.0,2164.0,24.0,-695.0
17.3,2.6,16,1000,4.0,7.001245622069476,0,0,1,0,0,0,0,0,0,0,0,0,0,0,0,0,0,0,0,0,1,0,1,0,0,0,0,1,0,0,0,0,1,0,0,0,0,1098.0,909.0,17.0,-189.0,1098.0,2130.0,94.0,1032.0,1098.0,1112.0,1.0,14.0
17.3,2.7,32,512,3.8,8.0323601479245,0,0,1,0,0,0,0,0,0,0,0,0,0,0,0,0,0,0,0,0,1,0,0,0,1,0,0,1,0,0,0,0,0,1,0,0,0,3079.0,3729.0,21.0,650.0,3079.0,2500.0,19.0,-579.0,3079.0,3392.0,10.0,313.0
17.3,2.8,12,1000,3.74,7.562161631225652,0,0,0,0,0,0,0,1,0,0,0,0,0,0,0,0,0,0,0,0,1,0,1,0,0,1,0,0,0,0,0,0,0,1,0,0,0,1924.0,1030.0,46.0,-894.0,1924.0,1677.0,13.0,-247.0,1924.0,1032.0,46.0,-892.0
17.3,2.9,32,512,3.49,8.707648248106914,0,0,0,0,0,0,0,0,0,0,0,0,0,0,1,0,0,0,0,0,1,0,0,0,1,0,0,1,0,0,0,0,0,1,0,0,0,6049.0,5076.0,16.0,-973.0,6049.0,4298.0,29.0,-1751.0,6049.0,3598.0,41.0,-2451.0
17.3,2.9,16,256,3.42,8.062432791583195,0,0,0,0,1,0,0,0,0,0,0,0,0,0,0,0,0,0,0,0,1,0,0,0,1,0,0,1,0,0,0,0,0,1,0,0,0,3173.0,2066.0,35.0,-1107.0,3173.0,3244.0,2.0,71.0,3173.0,2179.0,31.0,-994.0
17.3,2.8,12,256,3.35,7.695757990554761,0,0,0,0,0,0,0,1,0,0,0,0,0,0,0,0,0,0,0,0,1,0,0,1,0,0,0,1,0,0,0,0,0,1,0,0,0,2199.0,1709.0,22.0,-490.0,2199.0,1602.0,27.0,-597.0,2199.0,1871.0,15.0,-328.0
15.6,2.6,8,128,3.31,7.182352111885263,0,0,0,0,0,0,0,0,0,0,1,0,0,0,0,0,0,0,0,0,1,0,0,1,0,0,0,1,0,0,0,0,0,1,0,0,0,1316.0,1367.0,4.0,51.0,1316.0,1481.0,13.0,165.0,1316.0,1287.0,2.0,-29.0
17.3,2.0,4,1000,3.3,6.489204931325317,1,0,0,0,0,0,0,0,0,0,0,0,0,0,0,0,0,0,0,0,1,0,1,0,0,0,0,1,0,0,0,0,0,1,0,0,0,658.0,521.0,21.0,-137.0,658.0,597.0,9.0,-61.0,658.0,569.0,14.0,-89.0
15.6,2.8,16,256,3.21,8.023552392404348,0,0,0,0,1,0,0,0,0,0,0,0,0,0,0,0,0,0,0,0,1,0,0,1,0,0,0,1,0,0,0,0,0,1,0,0,0,3052.0,2331.0,24.0,-721.0,3052.0,1906.0,38.0,-1146.0,3052.0,2234.0,27.0,-818.0
15.6,2.6,16,256,3.21,7.2875606403097235,0,0,0,0,1,0,0,0,0,0,0,0,0,0,0,0,0,0,0,0,1,0,0,1,0,0,0,1,0,0,0,0,0,1,0,0,0,1462.0,2203.0,51.0,741.0,1462.0,1862.0,27.0,400.0,1462.0,2158.0,48.0,696.0
17.3,3.0,16,256,3.2,7.440733707389261,0,0,1,0,0,0,0,0,0,0,0,0,0,0,0,0,0,0,0,1,0,0,0,1,0,1,0,0,0,0,0,0,0,1,0,0,0,1704.0,1095.0,36.0,-609.0,1704.0,2682.0,57.0,978.0,1704.0,2207.0,30.0,503.0
17.3,2.6,8,1000,3.0,8.067462667010057,0,0,0,0,0,0,0,1,0,0,0,0,0,0,0,0,0,0,0,0,1,0,1,0,0,1,0,0,0,0,0,0,0,0,0,1,0,3189.0,1099.0,66.0,-2090.0,3189.0,1129.0,65.0,-2060.0,3189.0,948.0,70.0,-2241.0
17.3,2.8,16,256,3.0,7.4673710669175595,0,0,1,0,0,0,0,0,0,0,0,0,0,0,0,0,0,0,0,0,1,0,0,1,0,0,0,1,0,0,0,0,0,1,0,0,0,1750.0,1837.0,5.0,87.0,1750.0,1790.0,2.0,40.0,1750.0,1899.0,9.0,149.0
17.3,2.8,8,1000,3.0,7.174724309836376,0,0,1,0,0,0,0,0,0,0,0,0,0,0,0,0,0,0,0,0,1,0,1,0,0,0,0,1,0,0,0,0,0,1,0,0,0,1306.0,941.0,28.0,-365.0,1306.0,1372.0,5.0,66.0,1306.0,892.0,32.0,-414.0
17.3,2.8,8,1000,3.0,7.04141166379481,0,0,1,0,0,0,0,0,0,0,0,0,0,0,0,0,0,0,0,0,1,0,1,0,0,0,0,1,0,0,0,0,0,1,0,0,0,1143.0,941.0,18.0,-202.0,1143.0,1372.0,20.0,229.0,1143.0,892.0,22.0,-251.0
15.6,1.8,8,256,3.0,6.952728644624869,1,0,0,0,0,0,0,0,0,0,0,0,0,0,0,0,0,0,0,0,1,0,0,0,1,0,0,1,0,0,0,0,0,1,0,0,0,1046.0,868.0,17.0,-178.0,1046.0,1044.0,0.0,-2.0,1046.0,921.0,12.0,-125.0
17.3,2.5,8,128,3.0,6.939253946041508,0,0,1,0,0,0,0,0,0,0,0,0,0,0,0,0,0,0,0,0,1,0,0,1,0,0,0,1,0,0,0,0,0,1,0,0,0,1032.0,1158.0,12.0,126.0,1032.0,1667.0,62.0,635.0,1032.0,1379.0,34.0,347.0
17.3,1.6,4,256,3.0,6.786716950605081,1,0,0,0,0,0,0,0,0,0,0,0,0,0,0,0,0,0,0,0,1,0,0,0,1,0,0,1,0,0,0,0,0,1,0,0,0,886.0,608.0,31.0,-278.0,886.0,682.0,23.0,-204.0,886.0,566.0,36.0,-320.0
17.3,2.3,8,1000,3.0,6.586171654854675,0,0,0,0,0,0,0,0,0,0,1,0,0,0,0,0,0,0,0,0,1,0,1,0,0,1,0,0,0,0,0,0,0,1,0,0,0,725.0,674.0,7.0,-51.0,725.0,653.0,10.0,-72.0,725.0,721.0,1.0,-4.0
17.3,2.7,4,1000,3.0,6.580639137284949,1,0,0,0,0,0,0,0,0,0,0,0,0,0,0,0,0,0,0,0,1,0,1,0,0,0,0,1,0,0,0,0,0,1,0,0,0,721.0,630.0,13.0,-91.0,721.0,723.0,0.0,2.0,721.0,642.0,11.0,-79.0
15.6,2.8,16,256,2.94,7.822044008185619,0,0,0,0,0,0,0,0,0,0,0,1,0,0,0,0,0,0,0,0,1,0,0,1,0,0,0,1,0,0,0,0,0,1,0,0,0,2495.0,2322.0,7.0,-173.0,2495.0,2123.0,15.0,-372.0,2495.0,2153.0,14.0,-342.0
17.3,2.8,16,256,2.9,7.755338812846501,0,0,1,0,0,0,0,0,0,0,0,0,0,0,0,0,0,0,0,0,1,0,0,1,0,0,0,1,0,0,0,0,0,1,0,0,0,2334.0,1833.0,21.0,-501.0,2334.0,2126.0,9.0,-208.0,2334.0,1858.0,20.0,-476.0
17.3,2.8,16,256,2.9,7.344719054149673,0,0,1,0,0,0,0,0,0,0,0,0,0,0,0,0,0,0,0,0,1,0,0,1,0,0,0,1,0,0,0,0,0,1,0,0,0,1548.0,1833.0,18.0,285.0,1548.0,2126.0,37.0,578.0,1548.0,1858.0,20.0,310.0
17.3,2.7,8,1000,2.83,6.858565034791365,0,0,0,0,1,0,0,0,0,0,0,0,0,0,0,0,0,0,0,0,1,0,1,0,0,1,0,0,0,0,1,0,0,0,0,0,0,952.0,654.0,31.0,-298.0,952.0,1002.0,5.0,50.0,952.0,714.0,25.0,-238.0
17.3,1.8,16,256,2.8,7.336936913707618,0,0,0,0,1,0,0,0,0,0,0,0,0,0,0,0,0,0,0,0,1,0,0,1,0,1,0,0,0,0,0,0,0,1,0,0,0,1536.0,1261.0,18.0,-275.0,1536.0,1370.0,11.0,-166.0,1536.0,1287.0,16.0,-249.0
17.3,1.8,16,256,2.8,7.264730177929867,0,0,0,0,1,0,0,0,0,0,0,0,0,0,0,0,0,0,0,0,1,0,0,1,0,1,0,0,0,0,0,0,0,1,0,0,0,1429.0,1261.0,12.0,-168.0,1429.0,1370.0,4.0,-59.0,1429.0,1287.0,10.0,-142.0
17.3,1.6,8,128,2.8,7.085064293952548,0,0,0,0,1,0,0,0,0,0,0,0,0,0,0,0,0,0,0,0,1,0,0,1,0,1,0,0,0,0,0,0,0,1,0,0,0,1194.0,818.0,31.0,-376.0,1194.0,1072.0,10.0,-122.0,1194.0,1091.0,9.0,-103.0
17.3,1.6,8,128,2.8,6.885509670034818,0,0,0,0,1,0,0,0,0,0,0,0,0,0,0,0,0,0,0,0,1,0,0,1,0,1,0,0,0,0,1,0,0,0,0,0,0,978.0,643.0,34.0,-335.0,978.0,1071.0,10.0,93.0,978.0,1160.0,19.0,182.0
17.3,1.6,8,256,2.8,6.643789733147672,0,0,0,0,0,0,0,0,0,0,1,0,0,0,0,0,0,0,0,0,1,0,0,0,1,0,0,1,0,0,0,0,1,0,0,0,0,768.0,622.0,19.0,-146.0,768.0,764.0,0.0,-4.0,768.0,530.0,31.0,-238.0
17.3,2.5,6,1000,2.8,6.570882962339584,0,0,0,0,0,0,0,0,0,0,1,0,0,0,0,0,0,0,0,0,1,0,1,0,0,0,0,1,0,0,0,0,0,1,0,0,0,714.0,797.0,12.0,83.0,714.0,682.0,4.0,-32.0,714.0,850.0,19.0,136.0
17.3,2.0,4,1000,2.8,6.2878585601617845,0,0,0,0,0,0,0,0,0,0,1,0,0,0,0,0,0,0,0,0,1,0,1,0,0,0,1,0,0,0,0,0,0,1,0,0,0,538.0,551.0,2.0,13.0,538.0,503.0,7.0,-35.0,538.0,525.0,2.0,-13.0
17.3,2.7,16,512,2.77,7.590346945602565,0,0,0,0,1,0,0,0,0,0,0,0,0,0,0,0,0,0,0,0,1,0,0,0,1,0,0,1,0,0,0,0,0,1,0,0,0,1979.0,1992.0,1.0,13.0,1979.0,1979.0,0.0,0.0,1979.0,1947.0,2.0,-32.0
17.3,1.6,12,1000,2.77,7.002155954403621,0,0,0,0,1,0,0,0,0,0,0,0,0,0,0,0,0,0,0,0,1,0,1,0,0,0,0,1,0,0,0,0,0,1,0,0,0,1099.0,898.0,18.0,-201.0,1099.0,832.0,24.0,-267.0,1099.0,1008.0,8.0,-91.0
17.3,2.8,16,256,2.73,7.720905251936779,0,0,1,0,0,0,0,0,0,0,0,0,0,0,0,0,0,0,0,0,1,0,0,1,0,0,0,1,0,0,0,0,0,1,0,0,0,2255.0,1827.0,19.0,-428.0,2255.0,1861.0,17.0,-394.0,2255.0,1788.0,21.0,-467.0
17.3,2.8,16,256,2.7,7.472500744737558,0,0,0,0,0,0,0,0,0,0,0,1,0,0,0,0,0,0,0,0,1,0,0,1,0,0,0,1,0,0,0,0,0,1,0,0,0,1759.0,2051.0,17.0,292.0,1759.0,1759.0,0.0,0.0,1759.0,1896.0,8.0,137.0
17.3,2.8,8,256,2.7,7.302496423727326,0,0,0,0,0,0,0,0,0,0,0,1,0,0,0,0,0,0,0,0,1,0,0,0,1,0,0,1,0,0,0,0,0,1,0,0,0,1484.0,1383.0,7.0,-101.0,1484.0,1820.0,23.0,336.0,1484.0,1102.0,26.0,-382.0
17.3,2.5,8,256,2.69,6.887552571664617,0,0,1,0,0,0,0,0,0,0,0,0,0,0,0,0,0,0,0,0,1,0,0,1,0,0,0,1,0,0,0,0,0,1,0,0,0,980.0,1170.0,19.0,190.0,980.0,1525.0,56.0,545.0,980.0,1336.0,36.0,356.0
15.6,2.9,8,256,2.67,7.740229524763182,0,0,0,0,0,0,0,0,0,0,1,0,0,0,0,0,0,0,0,0,1,0,0,0,1,0,0,1,0,0,0,0,0,1,0,0,0,2299.0,1442.0,37.0,-857.0,2299.0,1811.0,21.0,-488.0,2299.0,1078.0,53.0,-1221.0
15.6,2.8,16,512,2.65,7.615791072035833,0,0,0,0,1,0,0,0,0,0,0,0,0,0,0,0,0,0,0,0,1,0,0,1,0,0,0,1,0,0,0,0,0,1,0,0,0,2030.0,2382.0,17.0,352.0,2030.0,1819.0,10.0,-211.0,2030.0,2167.0,7.0,137.0
15.6,2.5,8,1000,2.65,7.002155954403621,0,0,0,0,1,0,0,0,0,0,0,0,0,0,0,0,0,0,0,0,1,0,1,0,0,0,0,1,0,0,0,0,0,1,0,0,0,1099.0,1085.0,1.0,-14.0,1099.0,916.0,17.0,-183.0,1099.0,984.0,10.0,-115.0
15.6,1.6,4,1000,2.65,5.8289456176102075,0,0,1,0,0,0,0,0,0,0,0,0,0,0,0,0,0,0,0,0,1,0,1,0,0,0,1,0,0,0,0,0,0,1,0,0,0,340.0,546.0,61.0,206.0,340.0,472.0,39.0,132.0,340.0,449.0,32.0,109.0
17.3,2.7,8,256,2.63,7.1853870155804165,0,0,0,0,0,0,0,1,0,0,0,0,0,0,0,0,0,0,0,0,1,0,0,0,1,0,0,1,0,0,0,0,0,1,0,0,0,1320.0,1322.0,0.0,2.0,1320.0,1125.0,15.0,-195.0,1320.0,1083.0,18.0,-237.0
15.6,2.8,8,1000,2.62,7.1846291527173145,0,0,0,0,1,0,0,0,0,0,0,0,0,0,0,0,0,0,0,0,1,0,1,0,0,0,0,1,0,0,0,0,0,1,0,0,0,1319.0,1179.0,11.0,-140.0,1319.0,1238.0,6.0,-81.0,1319.0,1045.0,21.0,-274.0
15.6,2.8,8,1000,2.62,6.92951677076365,0,0,0,0,1,0,0,0,0,0,0,0,0,0,0,0,0,0,0,0,1,0,1,0,0,0,0,1,0,0,1,0,0,0,0,0,0,1022.0,927.0,9.0,-95.0,1022.0,1119.0,9.0,97.0,1022.0,921.0,10.0,-101.0
17.3,2.6,8,256,2.6,7.472500744737558,0,0,0,0,0,0,0,0,0,0,0,1,0,0,0,0,0,0,0,0,1,0,0,0,1,0,0,1,0,0,0,0,0,1,0,0,0,1759.0,1305.0,26.0,-454.0,1759.0,1325.0,25.0,-434.0,1759.0,1059.0,40.0,-700.0
15.6,2.6,8,128,2.6,7.243512974665482,0,0,0,0,0,0,0,0,0,0,1,0,0,0,0,0,0,0,0,0,1,0,0,1,0,0,0,1,0,0,0,0,0,1,0,0,0,1399.0,1347.0,4.0,-52.0,1399.0,1291.0,8.0,-108.0,1399.0,1191.0,15.0,-208.0
15.6,2.6,16,128,2.6,7.0317412587631285,0,0,0,0,0,0,0,0,0,0,1,0,0,0,0,0,0,0,0,0,1,0,0,1,0,0,0,1,0,0,0,0,0,1,0,0,0,1132.0,1931.0,71.0,799.0,1132.0,1381.0,22.0,249.0,1132.0,1177.0,4.0,45.0
15.6,2.6,8,1000,2.6,6.8966943316227125,0,0,0,0,0,0,0,0,0,0,1,0,0,0,0,0,0,0,0,0,1,0,1,0,0,0,0,1,0,0,0,0,0,1,0,0,0,989.0,1005.0,2.0,16.0,989.0,1006.0,2.0,17.0,989.0,999.0,1.0,10.0
17.0,3.0,8,1000,2.6,6.35088571671474,0,0,0,0,0,0,0,1,0,0,0,0,0,0,0,0,0,0,0,1,0,0,1,0,0,1,0,0,0,0,0,0,0,1,0,0,0,573.0,625.0,9.0,52.0,573.0,1328.0,132.0,755.0,573.0,685.0,20.0,112.0
17.3,2.2,4,128,2.6,6.2878585601617845,0,0,0,0,0,0,0,0,0,0,1,0,0,0,0,0,0,0,0,1,0,0,0,0,1,1,0,0,0,0,0,0,0,1,0,0,0,538.0,484.0,10.0,-54.0,538.0,427.0,21.0,-111.0,538.0,346.0,36.0,-192.0
15.6,2.6,8,256,2.59,7.448333860897476,0,0,0,0,0,0,0,1,0,0,0,0,0,0,0,0,0,0,0,0,1,0,0,0,1,0,0,1,0,0,0,0,0,0,0,1,0,1717.0,1984.0,16.0,267.0,1717.0,2355.0,37.0,638.0,1717.0,2374.0,38.0,657.0
15.6,2.6,16,1000,2.59,6.874198495453294,0,0,0,0,1,0,0,0,0,0,0,0,0,0,0,0,0,0,0,0,1,0,1,0,0,0,0,1,0,0,0,0,0,1,0,0,0,967.0,1597.0,65.0,630.0,967.0,1675.0,73.0,708.0,967.0,2139.0,121.0,1172.0
15.6,2.8,16,512,2.56,7.2254814727822945,0,0,0,0,1,0,0,0,0,0,0,0,0,0,0,0,0,0,0,0,1,0,0,0,1,0,0,1,0,0,0,0,0,1,0,0,0,1374.0,2298.0,67.0,924.0,1374.0,1892.0,38.0,518.0,1374.0,2068.0,51.0,694.0
15.6,2.8,8,128,2.56,7.062191632286556,0,0,0,0,1,0,0,0,0,0,0,0,0,0,0,0,0,0,0,0,1,0,0,1,0,0,0,1,0,0,0,0,0,1,0,0,0,1167.0,1578.0,35.0,411.0,1167.0,1413.0,21.0,246.0,1167.0,1323.0,13.0,156.0
15.6,2.5,8,1000,2.56,6.803505257608338,0,0,0,0,1,0,0,0,0,0,0,0,0,0,0,0,0,0,0,0,1,0,1,0,0,0,0,1,0,0,0,0,0,1,0,0,0,901.0,1083.0,20.0,182.0,901.0,966.0,7.0,65.0,901.0,986.0,9.0,85.0
17.3,2.0,8,1000,2.54,6.2878585601617845,0,0,0,0,0,0,0,1,0,0,0,0,0,0,0,0,0,0,0,0,1,0,1,0,0,0,1,0,0,0,0,0,0,1,0,0,0,538.0,717.0,33.0,179.0,538.0,696.0,29.0,158.0,538.0,755.0,40.0,217.0
15.6,2.9,16,512,2.5,7.898782356970309,0,0,0,0,0,0,0,0,0,0,1,0,0,0,0,0,0,0,0,0,1,0,0,0,1,0,0,1,0,0,0,0,0,1,0,0,0,2694.0,2130.0,21.0,-564.0,2694.0,3276.0,22.0,582.0,2694.0,1984.0,26.0,-710.0
15.6,2.8,16,128,2.5,7.533158807455563,0,0,0,0,0,0,0,0,0,0,0,0,0,0,0,1,0,0,0,0,1,0,0,1,0,0,0,1,0,0,0,0,0,1,0,0,0,1869.0,2159.0,16.0,290.0,1869.0,1602.0,14.0,-267.0,1869.0,1764.0,6.0,-105.0
15.6,2.8,8,128,2.5,7.2254814727822945,0,0,0,0,0,0,0,0,0,0,1,0,0,0,0,0,0,0,0,0,1,0,0,1,0,0,0,1,0,0,0,0,0,1,0,0,0,1374.0,1422.0,3.0,48.0,1374.0,1362.0,1.0,-12.0,1374.0,1166.0,15.0,-208.0
15.6,2.8,8,128,2.5,7.106606137727303,0,0,0,0,0,0,0,0,0,0,1,0,0,0,0,0,0,0,0,0,1,0,0,1,0,0,0,1,0,0,0,0,0,1,0,0,0,1220.0,1422.0,17.0,202.0,1220.0,1362.0,12.0,142.0,1220.0,1166.0,4.0,-54.0
15.6,2.8,8,128,2.5,7.050122520269059,0,0,0,0,0,0,0,0,0,0,1,0,0,0,0,0,0,0,0,0,1,0,0,1,0,0,0,1,0,0,0,0,0,1,0,0,0,1153.0,1422.0,23.0,269.0,1153.0,1362.0,18.0,209.0,1153.0,1166.0,1.0,13.0
15.6,2.1,16,512,2.5,7.002155954403621,0,0,0,0,0,0,0,0,0,0,1,0,0,0,0,0,0,0,0,1,0,0,0,1,0,1,0,0,0,0,0,0,0,1,0,0,0,1099.0,987.0,10.0,-112.0,1099.0,1374.0,25.0,275.0,1099.0,1215.0,11.0,116.0
17.3,1.6,8,128,2.5,6.980075940561763,0,0,0,0,0,0,0,1,0,0,0,0,0,0,0,0,0,0,0,0,1,0,0,1,0,0,0,1,0,0,0,0,0,1,0,0,0,1075.0,985.0,8.0,-90.0,1075.0,1084.0,1.0,9.0,1075.0,1155.0,7.0,80.0
15.6,2.8,8,256,2.5,6.874198495453294,1,0,0,0,0,0,0,0,0,0,0,0,0,0,0,0,0,0,0,0,1,0,0,0,1,0,0,1,0,0,1,0,0,0,0,0,0,967.0,894.0,8.0,-73.0,967.0,1188.0,23.0,221.0,967.0,954.0,1.0,-13.0
15.6,2.5,8,256,2.5,6.815639990074331,0,0,0,0,0,0,0,0,0,0,1,0,0,0,0,0,0,0,0,0,1,0,0,0,1,0,0,1,0,0,0,0,0,1,0,0,0,912.0,1284.0,41.0,372.0,912.0,1029.0,13.0,117.0,912.0,1014.0,11.0,102.0
15.6,3.0,8,1000,2.45,6.645090969505644,0,0,1,0,0,0,0,0,0,0,0,0,0,0,0,0,0,0,0,1,0,0,1,0,0,1,0,0,0,0,0,0,0,1,0,0,0,769.0,622.0,19.0,-147.0,769.0,1023.0,33.0,254.0,769.0,609.0,21.0,-160.0
17.3,2.8,16,256,2.43,7.720461694599722,0,0,0,0,0,0,0,0,0,0,0,1,0,0,0,0,0,0,0,0,1,0,0,1,0,0,0,1,0,0,0,0,0,1,0,0,0,2254.0,2040.0,9.0,-214.0,2254.0,2344.0,4.0,90.0,2254.0,1812.0,20.0,-442.0
17.3,2.7,16,512,2.4,8.09101504171053,0,0,0,0,0,0,0,0,0,0,1,0,0,0,0,0,0,0,0,0,1,0,0,0,1,0,0,1,0,0,0,0,0,0,0,1,0,3265.0,2448.0,25.0,-817.0,3265.0,2171.0,34.0,-1094.0,3265.0,2385.0,27.0,-880.0
15.6,2.5,16,512,2.4,7.341483852363161,0,0,0,0,0,0,0,0,0,0,0,0,0,0,0,0,1,0,0,0,1,0,0,0,1,0,0,1,0,0,0,0,0,1,0,0,0,1543.0,2108.0,37.0,565.0,1543.0,1705.0,11.0,162.0,1543.0,1941.0,26.0,398.0
15.6,2.6,8,128,2.4,7.20934025660291,0,0,0,0,0,0,0,0,0,0,0,1,0,0,0,0,0,0,0,0,1,0,0,1,0,0,0,1,0,0,0,0,0,1,0,0,0,1352.0,1489.0,10.0,137.0,1352.0,1343.0,1.0,-9.0,1352.0,1339.0,1.0,-13.0
15.6,2.5,8,256,2.4,7.1846291527173145,0,0,0,0,0,0,0,0,0,0,0,1,0,0,0,0,0,0,0,0,1,0,0,0,1,0,0,1,0,0,0,0,0,1,0,0,0,1319.0,1423.0,8.0,104.0,1319.0,1059.0,20.0,-260.0,1319.0,1150.0,13.0,-169.0
15.6,2.8,8,128,2.4,7.136483208590247,0,0,0,0,0,0,0,0,0,0,0,1,0,0,0,0,0,0,0,0,1,0,0,1,0,0,0,1,0,0,0,0,0,1,0,0,0,1257.0,1575.0,25.0,318.0,1257.0,1396.0,11.0,139.0,1257.0,1328.0,6.0,71.0
15.6,2.8,8,256,2.4,6.862757913051401,0,0,0,0,0,0,0,0,0,0,1,0,0,0,0,0,0,0,0,0,1,0,0,0,1,0,0,1,0,0,0,0,1,0,0,0,0,956.0,973.0,2.0,17.0,956.0,1445.0,51.0,489.0,956.0,682.0,29.0,-274.0
15.6,2.8,8,1000,2.4,6.836259277277067,1,0,0,0,0,0,0,0,0,0,0,0,0,0,0,0,0,0,0,0,1,0,1,0,0,0,0,1,0,0,1,0,0,0,0,0,0,931.0,678.0,27.0,-253.0,931.0,939.0,1.0,8.0,931.0,816.0,12.0,-115.0
15.6,2.5,8,128,2.4,6.7912214627261855,0,0,0,0,0,0,0,0,0,0,1,0,0,0,0,0,0,0,0,0,1,0,0,1,0,0,0,1,0,0,0,0,1,0,0,0,0,890.0,910.0,2.0,20.0,890.0,943.0,6.0,53.0,890.0,1035.0,16.0,145.0
15.6,2.5,8,256,2.4,6.75343791859778,0,0,0,0,0,0,0,0,0,0,1,0,0,0,0,0,0,0,0,0,1,0,0,0,1,0,0,1,0,0,0,0,1,0,0,0,0,857.0,894.0,4.0,37.0,857.0,778.0,9.0,-79.0,857.0,630.0,26.0,-227.0
15.6,2.5,4,500,2.4,6.421622267806518,1,0,0,0,0,0,0,0,0,0,0,0,0,0,0,0,0,0,0,0,1,0,1,0,0,0,1,0,0,0,0,0,0,1,0,0,0,615.0,540.0,12.0,-75.0,615.0,720.0,17.0,105.0,615.0,467.0,24.0,-148.0
15.6,2.0,4,500,2.4,6.20455776256869,1,0,0,0,0,0,0,0,0,0,0,0,0,0,0,0,0,0,0,0,1,0,1,0,0,0,1,0,0,0,0,0,0,1,0,0,0,495.0,469.0,5.0,-26.0,495.0,451.0,9.0,-44.0,495.0,404.0,18.0,-91.0
15.6,2.0,4,500,2.4,6.113682179832232,1,0,0,0,0,0,0,0,0,0,0,0,0,0,0,0,0,0,0,0,1,0,1,0,0,0,1,0,0,0,0,0,0,1,0,0,0,452.0,469.0,4.0,17.0,452.0,451.0,0.0,-1.0,452.0,404.0,11.0,-48.0
15.6,2.4,4,1000,2.4,6.045005314036012,1,0,0,0,0,0,0,0,0,0,0,0,0,0,0,0,0,0,0,0,1,0,1,0,0,0,1,0,0,0,0,0,0,1,0,0,0,422.0,561.0,33.0,139.0,422.0,571.0,35.0,149.0,422.0,498.0,18.0,76.0
15.6,2.4,4,1000,2.37,6.0844994130751715,0,0,1,0,0,0,0,0,0,0,0,0,0,0,0,0,0,0,0,0,1,0,1,0,0,0,1,0,0,0,0,0,0,1,0,0,0,439.0,680.0,55.0,241.0,439.0,654.0,49.0,215.0,439.0,523.0,19.0,84.0
15.6,2.5,8,256,2.36,6.885509670034818,0,0,0,0,1,0,0,0,0,0,0,0,0,0,0,0,0,0,0,0,1,0,0,0,1,1,0,0,0,0,0,0,0,1,0,0,0,978.0,1156.0,18.0,178.0,978.0,986.0,1.0,8.0,978.0,917.0,6.0,-61.0
17.3,2.0,4,1000,2.36,6.586171654854675,0,0,0,0,1,0,0,0,0,0,0,0,0,0,0,0,0,0,0,0,1,0,1,0,0,1,0,0,0,0,0,0,0,1,0,0,0,725.0,566.0,22.0,-159.0,725.0,571.0,21.0,-154.0,725.0,549.0,24.0,-176.0
15.6,2.5,8,1000,2.36,6.555356891810665,0,0,0,0,1,0,0,0,0,0,0,0,0,0,0,0,0,0,0,0,1,0,1,0,0,1,0,0,0,0,0,0,0,1,0,0,0,703.0,878.0,25.0,175.0,703.0,720.0,2.0,17.0,703.0,830.0,18.0,127.0
15.6,1.6,8,128,2.33,6.833031732786201,0,0,0,0,1,0,0,0,0,0,0,0,0,0,0,0,0,0,0,0,1,0,0,1,0,1,0,0,0,0,0,0,0,1,0,0,0,928.0,912.0,2.0,-16.0,928.0,937.0,1.0,9.0,928.0,1069.0,15.0,141.0
15.6,2.7,8,256,2.33,6.75343791859778,0,0,0,0,1,0,0,0,0,0,0,0,0,0,0,0,0,0,0,0,1,0,0,0,1,1,0,0,0,0,1,0,0,0,0,0,0,857.0,960.0,12.0,103.0,857.0,936.0,9.0,79.0,857.0,902.0,5.0,45.0
15.6,2.7,16,2000,2.32,6.9930151229329605,0,0,0,0,1,0,0,0,0,0,0,0,0,0,0,0,0,0,0,0,1,0,1,0,0,1,0,0,0,0,0,0,0,1,0,0,0,1089.0,1515.0,39.0,426.0,1089.0,1234.0,13.0,145.0,1089.0,883.0,19.0,-206.0
15.6,2.5,8,1000,2.32,6.473890696352274,0,0,0,0,1,0,0,0,0,0,0,0,0,0,0,0,0,0,0,0,1,0,1,0,0,1,0,0,0,0,1,0,0,0,0,0,0,648.0,689.0,6.0,41.0,648.0,707.0,9.0,59.0,648.0,735.0,13.0,87.0
14.0,2.6,8,256,2.31,7.119635638017636,0,0,0,0,0,0,0,1,0,0,0,0,0,0,0,0,0,0,0,0,1,0,0,0,1,0,1,0,0,0,0,0,0,1,0,0,0,1236.0,1400.0,13.0,164.0,1236.0,1323.0,7.0,87.0,1236.0,1268.0,3.0,32.0
15.6,2.7,16,512,2.3,7.590346945602565,0,0,1,0,0,0,0,0,0,0,0,0,0,0,0,0,0,0,0,0,1,0,0,1,0,0,0,1,0,0,0,0,0,1,0,0,0,1979.0,2050.0,4.0,71.0,1979.0,2380.0,20.0,401.0,1979.0,2014.0,2.0,35.0
15.6,2.3,4,1000,2.3,6.980075940561763,0,0,0,0,0,0,0,0,0,0,1,0,0,0,0,0,0,0,0,0,1,0,1,0,0,0,0,1,0,0,0,0,0,1,0,0,0,1075.0,767.0,29.0,-308.0,1075.0,650.0,40.0,-425.0,1075.0,756.0,30.0,-319.0
15.6,2.5,8,256,2.3,6.90975328164481,0,0,0,0,0,0,0,0,0,0,1,0,0,0,0,0,0,0,0,0,1,0,0,0,1,0,1,0,0,0,0,0,0,1,0,0,0,1002.0,1113.0,11.0,111.0,1002.0,930.0,7.0,-72.0,1002.0,1166.0,16.0,164.0
15.6,2.5,8,128,2.3,6.803505257608338,0,0,0,0,0,0,0,0,0,0,1,0,0,0,0,0,0,0,0,0,1,0,0,1,0,0,0,1,0,0,0,0,0,1,0,0,0,901.0,1301.0,44.0,400.0,901.0,1146.0,27.0,245.0,901.0,1136.0,26.0,235.0
15.6,2.5,4,500,2.3,6.6240652277998935,0,0,0,0,0,0,0,1,0,0,0,0,0,0,0,0,0,0,0,0,1,0,1,0,0,0,1,0,0,0,0,0,0,1,0,0,0,753.0,723.0,4.0,-30.0,753.0,798.0,6.0,45.0,753.0,832.0,11.0,79.0
15.6,2.5,4,256,2.3,6.555356891810665,0,0,0,0,1,0,0,0,0,0,0,0,0,0,0,0,0,0,0,0,1,0,0,0,1,1,0,0,0,0,0,0,0,1,0,0,0,703.0,964.0,37.0,261.0,703.0,671.0,5.0,-32.0,703.0,726.0,3.0,23.0
15.6,2.5,4,256,2.3,6.490723534502507,0,0,0,0,1,0,0,0,0,0,0,0,0,0,0,0,0,0,0,0,1,0,0,0,1,1,0,0,0,0,1,0,0,0,0,0,0,659.0,758.0,15.0,99.0,659.0,619.0,6.0,-40.0,659.0,587.0,11.0,-72.0
15.6,2.0,4,128,2.3,6.432940092739179,0,0,0,0,0,0,0,0,0,0,1,0,0,0,0,0,0,0,0,0,1,0,0,0,1,0,1,0,0,0,0,0,0,1,0,0,0,622.0,794.0,28.0,172.0,622.0,498.0,20.0,-124.0,622.0,468.0,25.0,-154.0
15.6,2.4,6,1000,2.3,6.180016653652572,0,0,0,0,1,0,0,0,0,0,0,0,0,0,0,0,0,0,0,0,1,0,1,0,0,0,1,0,0,0,0,0,0,1,0,0,0,483.0,833.0,72.0,350.0,483.0,516.0,7.0,33.0,483.0,704.0,46.0,221.0
15.6,2.5,4,1000,2.25,6.421622267806518,0,0,0,0,1,0,0,0,0,0,0,0,0,0,0,0,0,0,0,0,1,0,1,0,0,0,1,0,0,0,0,0,0,1,0,0,0,615.0,782.0,27.0,167.0,615.0,707.0,15.0,92.0,615.0,633.0,3.0,18.0
15.6,2.8,8,128,2.24,7.29505641646263,0,0,1,0,0,0,0,0,0,0,0,0,0,0,0,0,0,0,0,0,1,0,0,1,0,0,0,1,0,0,0,0,0,1,0,0,0,1473.0,1397.0,5.0,-76.0,1473.0,1578.0,7.0,105.0,1473.0,1433.0,3.0,-40.0
15.6,2.7,8,1000,2.23,6.704414354964107,1,0,0,0,0,0,0,0,0,0,0,0,0,0,0,0,0,0,0,0,1,0,1,0,0,0,0,1,0,0,0,0,0,1,0,0,0,816.0,836.0,2.0,20.0,816.0,936.0,15.0,120.0,816.0,878.0,8.0,62.0
15.6,2.5,4,256,2.23,6.633318433280377,1,0,0,0,0,0,0,0,0,0,0,0,0,0,0,0,0,0,0,0,1,0,0,0,1,0,0,1,0,0,0,0,0,1,0,0,0,760.0,869.0,14.0,109.0,760.0,671.0,12.0,-89.0,760.0,642.0,16.0,-118.0
15.6,2.5,6,1000,2.23,6.403574197934815,1,0,0,0,0,0,0,0,0,0,0,0,0,0,0,0,0,0,0,0,1,0,1,0,0,0,1,0,0,0,0,0,0,1,0,0,0,604.0,629.0,4.0,25.0,604.0,601.0,0.0,-3.0,604.0,590.0,2.0,-14.0
15.6,2.8,16,256,2.2,7.898782356970309,0,0,1,0,0,0,0,0,0,0,0,0,0,0,0,0,0,0,0,0,1,0,0,1,0,0,0,1,0,0,0,0,0,1,0,0,0,2694.0,2035.0,24.0,-659.0,2694.0,1871.0,31.0,-823.0,2694.0,1668.0,38.0,-1026.0
15.6,2.8,8,128,2.2,7.142036574706803,0,0,0,0,0,0,0,0,0,0,0,1,0,0,0,0,0,0,0,0,1,0,0,1,0,0,0,1,0,0,0,0,0,1,0,0,0,1264.0,1569.0,24.0,305.0,1264.0,1327.0,5.0,63.0,1264.0,1300.0,3.0,36.0
15.6,2.5,8,128,2.2,7.116394144093465,0,0,0,0,0,0,0,0,0,0,0,1,0,0,0,0,0,0,0,0,1,0,0,1,0,0,0,1,0,0,0,0,0,1,0,0,0,1232.0,1442.0,17.0,210.0,1232.0,1201.0,3.0,-31.0,1232.0,1315.0,7.0,83.0
15.6,2.5,8,256,2.2,7.044905117129371,0,0,0,0,0,0,0,0,0,0,0,0,0,0,0,0,1,0,0,0,1,0,0,0,1,0,0,1,0,0,0,0,0,1,0,0,0,1147.0,1417.0,24.0,270.0,1147.0,1162.0,1.0,15.0,1147.0,1263.0,10.0,116.0
15.6,2.5,8,256,2.2,7.030857476116121,0,0,0,0,0,0,0,0,0,0,0,1,0,0,0,0,0,0,0,0,1,0,0,0,1,0,0,1,0,0,0,0,0,1,0,0,0,1131.0,1417.0,25.0,286.0,1131.0,1084.0,4.0,-47.0,1131.0,1138.0,1.0,7.0
15.6,1.8,8,256,2.2,6.918695219020472,0,0,0,0,1,0,0,0,0,0,0,0,0,0,0,0,0,0,0,0,1,0,0,0,1,1,0,0,0,0,0,0,0,1,0,0,0,1011.0,946.0,6.0,-65.0,1011.0,939.0,7.0,-72.0,1011.0,798.0,21.0,-213.0
15.6,1.8,8,256,2.2,6.829793737512425,1,0,0,0,0,0,0,0,0,0,0,0,0,0,0,0,0,0,0,0,1,0,0,0,1,0,0,1,0,0,0,0,0,1,0,0,0,925.0,854.0,8.0,-71.0,925.0,997.0,8.0,72.0,925.0,827.0,11.0,-98.0
15.6,2.7,8,1000,2.2,6.827629234502852,0,0,0,0,0,0,0,0,0,0,0,1,0,0,0,0,0,0,0,0,1,0,1,0,0,0,0,1,0,0,0,0,0,1,0,0,0,923.0,1139.0,23.0,216.0,923.0,937.0,2.0,14.0,923.0,979.0,6.0,56.0
15.6,2.5,8,256,2.2,6.778784897685177,0,0,0,0,0,1,0,0,0,0,0,0,0,0,0,0,0,0,0,0,1,0,0,0,1,0,1,0,0,0,0,0,0,1,0,0,0,879.0,902.0,3.0,23.0,879.0,858.0,2.0,-21.0,879.0,843.0,4.0,-36.0
15.6,2.5,8,1000,2.2,6.70073110954781,0,0,0,0,0,1,0,0,0,0,0,0,0,0,0,0,0,0,0,0,1,0,1,0,0,0,1,0,0,0,0,0,0,1,0,0,0,813.0,686.0,16.0,-127.0,813.0,746.0,8.0,-67.0,813.0,745.0,8.0,-68.0
15.6,1.6,8,256,2.2,6.61338421837956,0,0,0,0,1,0,0,0,0,0,0,0,0,0,0,0,0,0,0,0,1,0,0,0,1,1,0,0,0,0,1,0,0,0,0,0,0,745.0,703.0,6.0,-42.0,745.0,852.0,14.0,107.0,745.0,768.0,3.0,23.0
15.6,2.7,8,1000,2.2,6.586171654854675,0,0,0,0,0,0,0,0,0,0,1,0,0,0,0,0,0,0,0,0,1,0,1,0,0,0,0,1,0,0,0,0,1,0,0,0,0,725.0,716.0,1.0,-9.0,725.0,802.0,11.0,77.0,725.0,833.0,15.0,108.0
15.6,2.0,8,128,2.2,6.473890696352274,0,0,0,0,0,0,0,0,0,0,1,0,0,0,0,0,0,0,0,0,1,0,0,0,1,0,1,0,0,0,0,0,0,1,0,0,0,648.0,949.0,46.0,301.0,648.0,785.0,21.0,137.0,648.0,659.0,2.0,11.0
15.6,2.5,8,2000,2.2,6.403574197934815,0,0,0,0,0,0,0,0,0,0,1,0,0,0,0,0,0,0,0,0,1,0,1,0,0,0,0,1,0,0,0,0,1,0,0,0,0,604.0,771.0,28.0,167.0,604.0,638.0,6.0,34.0,604.0,664.0,10.0,60.0
15.6,2.5,4,1000,2.2,6.3080984415095305,0,0,0,0,0,0,0,0,0,0,1,0,0,0,0,0,0,0,0,0,1,0,1,0,0,0,0,1,0,0,0,0,1,0,0,0,0,549.0,565.0,3.0,16.0,549.0,588.0,7.0,39.0,549.0,621.0,13.0,72.0
15.6,2.0,4,128,2.2,6.3080984415095305,0,0,0,0,0,0,0,0,0,0,1,0,0,0,0,0,0,0,0,0,1,0,0,0,1,0,1,0,0,0,0,0,0,1,0,0,0,549.0,793.0,44.0,244.0,549.0,493.0,10.0,-56.0,549.0,472.0,14.0,-77.0
15.6,2.0,4,500,2.2,6.246106765481563,1,0,0,0,0,0,0,0,0,0,0,0,0,0,0,0,0,0,0,0,1,0,1,0,0,0,0,1,0,0,0,0,0,1,0,0,0,516.0,537.0,4.0,21.0,516.0,522.0,1.0,6.0,516.0,598.0,16.0,82.0
15.6,2.5,4,128,2.2,6.244166900663736,0,0,0,0,0,0,0,0,0,0,1,0,0,0,0,0,0,0,0,0,1,0,0,0,1,0,1,0,0,0,0,0,1,0,0,0,0,515.0,637.0,24.0,122.0,515.0,550.0,7.0,35.0,515.0,391.0,24.0,-124.0
15.6,2.5,4,1000,2.2,6.2422232654551655,0,0,0,0,0,0,0,0,0,0,1,0,0,0,0,0,0,0,0,0,1,0,1,0,0,0,1,0,0,0,0,0,1,0,0,0,0,514.0,492.0,4.0,-22.0,514.0,550.0,7.0,36.0,514.0,476.0,7.0,-38.0
15.6,2.0,8,1000,2.2,6.22455842927536,0,0,0,0,0,0,0,0,0,0,1,0,0,0,0,0,0,0,0,0,1,0,1,0,0,0,1,0,0,0,0,0,0,1,0,0,0,505.0,733.0,45.0,228.0,505.0,597.0,18.0,92.0,505.0,731.0,45.0,226.0
15.6,3.6,8,1000,2.2,6.156978985585555,0,0,0,0,0,0,0,0,0,0,1,0,0,0,0,0,0,0,0,1,0,0,1,0,0,1,0,0,0,0,0,0,0,1,0,0,0,472.0,741.0,57.0,269.0,472.0,1045.0,121.0,573.0,472.0,744.0,58.0,272.0
15.6,2.5,4,128,2.2,6.0844994130751715,0,0,0,0,0,0,0,0,0,0,1,0,0,0,0,0,0,0,0,1,0,0,0,0,1,1,0,0,0,0,0,0,0,1,0,0,0,439.0,588.0,34.0,149.0,439.0,518.0,18.0,79.0,439.0,385.0,12.0,-54.0
15.6,2.9,4,256,2.2,6.0844994130751715,0,0,0,0,0,0,0,0,0,0,1,0,0,0,0,0,0,0,0,1,0,0,0,0,1,1,0,0,0,0,0,0,0,1,0,0,0,439.0,669.0,52.0,230.0,439.0,498.0,13.0,59.0,439.0,522.0,19.0,83.0
15.6,1.6,2,500,2.2,6.0330862217988015,0,0,0,0,1,0,0,0,0,0,0,0,0,0,0,0,0,0,0,0,1,0,1,0,0,0,1,0,0,0,0,0,0,1,0,0,0,417.0,519.0,25.0,102.0,417.0,419.0,1.0,2.0,417.0,398.0,5.0,-19.0
15.6,1.6,2,500,2.2,6.0330862217988015,0,0,0,0,1,0,0,0,0,0,0,0,0,0,0,0,0,0,0,0,1,0,1,0,0,0,1,0,0,0,0,0,0,1,0,0,0,417.0,519.0,25.0,102.0,417.0,419.0,1.0,2.0,417.0,398.0,5.0,-19.0
15.6,1.6,4,500,2.2,6.0063531596017325,0,0,1,0,0,0,0,0,0,0,0,0,0,0,0,0,0,0,0,0,1,0,1,0,0,0,1,0,0,0,0,0,0,1,0,0,0,406.0,507.0,25.0,101.0,406.0,409.0,1.0,3.0,406.0,386.0,5.0,-20.0
15.6,2.5,8,256,2.191,7.002155954403621,0,0,0,0,1,0,0,0,0,0,0,0,0,0,0,0,0,0,0,0,1,0,0,0,1,0,1,0,0,0,0,0,0,1,0,0,0,1099.0,1231.0,12.0,132.0,1099.0,914.0,17.0,-185.0,1099.0,1181.0,8.0,82.0
15.6,2.5,6,1000,2.19,6.733401891837359,0,0,0,0,0,0,0,1,0,0,0,0,0,0,0,0,0,0,0,0,1,0,1,0,0,1,0,0,0,0,0,0,0,1,0,0,0,840.0,788.0,6.0,-52.0,840.0,814.0,3.0,-26.0,840.0,762.0,9.0,-78.0
15.6,2.7,4,256,2.18,6.70073110954781,0,0,0,0,1,0,0,0,0,0,0,0,0,0,0,0,0,0,0,0,1,0,0,0,1,1,0,0,0,0,0,0,0,1,0,0,0,813.0,1017.0,25.0,204.0,813.0,810.0,0.0,-3.0,813.0,752.0,8.0,-61.0
15.6,2.5,4,1000,2.18,6.583409222158765,0,0,0,0,1,0,0,0,0,0,0,0,0,0,0,0,0,0,0,0,1,0,1,0,0,0,1,0,0,0,0,0,0,1,0,0,0,723.0,781.0,8.0,58.0,723.0,749.0,4.0,26.0,723.0,634.0,12.0,-89.0
15.6,2.0,4,1000,2.18,6.51471269087253,0,0,0,0,1,0,0,0,0,0,0,0,0,0,0,0,0,0,0,0,1,0,1,0,0,1,0,0,0,0,0,0,0,1,0,0,0,675.0,635.0,6.0,-40.0,675.0,618.0,8.0,-57.0,675.0,582.0,14.0,-93.0
15.6,2.4,4,1000,2.18,6.4692503167957724,0,0,0,0,1,0,0,0,0,0,0,0,0,0,0,0,0,0,0,0,1,0,1,0,0,0,1,0,0,0,0,0,0,1,0,0,0,645.0,759.0,18.0,114.0,645.0,627.0,3.0,-18.0,645.0,624.0,3.0,-21.0
15.6,2.4,4,128,2.18,6.400257445308821,0,0,0,0,1,0,0,0,0,0,0,0,0,0,0,0,0,0,0,0,1,0,0,0,1,0,1,0,0,0,0,0,0,1,0,0,0,602.0,983.0,63.0,381.0,602.0,719.0,19.0,117.0,602.0,708.0,18.0,106.0
15.6,2.5,8,1000,2.14,6.386879319362645,0,0,0,0,1,0,0,0,0,0,0,0,0,0,0,0,0,0,0,0,1,0,1,0,0,0,1,0,0,0,0,0,0,1,0,0,0,594.0,934.0,57.0,340.0,594.0,867.0,46.0,273.0,594.0,839.0,41.0,245.0
15.6,1.6,8,256,2.1,7.138073034044347,0,0,0,0,0,0,0,0,0,0,1,0,0,0,0,0,0,0,0,0,1,0,0,1,0,1,0,0,0,0,0,0,0,1,0,0,0,1259.0,833.0,34.0,-426.0,1259.0,1064.0,15.0,-195.0,1259.0,900.0,29.0,-359.0
15.6,1.6,4,500,2.1,6.677083461247136,0,0,0,0,0,0,0,1,0,0,0,0,0,0,0,0,0,0,0,0,1,0,1,0,0,0,1,0,0,0,0,0,0,1,0,0,0,794.0,559.0,30.0,-235.0,794.0,404.0,49.0,-390.0,794.0,564.0,29.0,-230.0
15.6,2.7,4,500,2.1,6.630683385642372,0,0,0,0,0,0,0,1,0,0,0,0,0,0,0,0,0,0,0,0,1,0,1,0,0,1,0,0,0,0,0,0,0,1,0,0,0,758.0,713.0,6.0,-45.0,758.0,756.0,0.0,-2.0,758.0,797.0,5.0,39.0
15.6,2.4,4,500,2.1,6.5998704992128365,0,0,0,0,0,0,0,1,0,0,0,0,0,0,0,0,0,0,0,0,1,0,1,0,0,0,1,0,0,0,0,0,0,1,0,0,0,735.0,700.0,5.0,-35.0,735.0,730.0,1.0,-5.0,735.0,807.0,10.0,72.0
15.6,3.0,6,128,2.1,6.5722825426940075,0,0,0,0,0,0,0,1,0,0,0,0,0,0,0,0,0,0,0,1,0,0,0,1,0,1,0,0,0,0,0,0,0,1,0,0,0,715.0,836.0,17.0,121.0,715.0,631.0,12.0,-84.0,715.0,861.0,20.0,146.0
15.6,2.5,4,1000,2.1,6.3473892096560105,0,0,1,0,0,0,0,0,0,0,0,0,0,0,0,0,0,0,0,0,1,0,1,0,0,0,0,1,0,0,1,0,0,0,0,0,0,571.0,628.0,10.0,57.0,571.0,611.0,7.0,40.0,571.0,610.0,7.0,39.0
15.6,2.1,4,128,2.1,6.306275286948016,0,0,0,0,0,0,0,0,0,0,0,0,0,0,0,0,1,0,0,0,1,0,0,0,1,0,1,0,0,0,0,0,0,1,0,0,0,548.0,903.0,65.0,355.0,548.0,516.0,6.0,-32.0,548.0,856.0,56.0,308.0
15.6,2.3,4,128,2.1,6.295266001439646,0,0,0,0,0,0,0,0,0,0,1,0,0,0,0,0,0,0,0,0,1,0,0,0,1,0,1,0,0,0,0,0,0,1,0,0,0,542.0,861.0,59.0,319.0,542.0,799.0,47.0,257.0,542.0,527.0,3.0,-15.0
15.6,3.0,4,1000,2.1,6.2878585601617845,0,0,0,0,0,0,0,1,0,0,0,0,0,0,0,0,0,0,0,1,0,0,1,0,0,1,0,0,0,0,0,0,0,1,0,0,0,538.0,570.0,6.0,32.0,538.0,462.0,14.0,-76.0,538.0,565.0,5.0,27.0
15.6,2.0,4,128,2.1,6.156978985585555,0,0,0,0,0,0,0,0,0,0,1,0,0,0,0,0,0,0,0,0,1,0,0,0,1,0,1,0,0,0,0,0,0,1,0,0,0,472.0,791.0,68.0,319.0,472.0,499.0,6.0,27.0,472.0,475.0,1.0,3.0
15.6,3.0,4,128,2.1,6.150602768446279,1,0,0,0,0,0,0,0,0,0,0,0,0,0,0,0,0,0,0,1,0,0,0,0,1,1,0,0,0,0,0,0,0,1,0,0,0,469.0,550.0,17.0,81.0,469.0,522.0,11.0,53.0,469.0,461.0,2.0,-8.0
15.6,3.0,4,500,2.1,6.0867747269123065,1,0,0,0,0,0,0,0,0,0,0,0,0,0,0,0,0,0,0,1,0,0,1,0,0,1,0,0,0,0,0,0,0,1,0,0,0,440.0,398.0,10.0,-42.0,440.0,457.0,4.0,17.0,440.0,380.0,14.0,-60.0
15.6,2.3,4,500,2.1,6.082218910376446,0,0,0,0,0,0,0,0,0,0,1,0,0,0,0,0,0,0,0,0,1,0,1,0,0,0,1,0,0,0,0,0,1,0,0,0,0,438.0,435.0,1.0,-3.0,438.0,533.0,22.0,95.0,438.0,371.0,15.0,-67.0
15.6,1.1,4,1000,2.1,5.948034989180646,1,0,0,0,0,0,0,0,0,0,0,0,0,0,0,0,0,0,0,0,1,0,1,0,0,0,1,0,0,0,0,0,0,1,0,0,0,383.0,387.0,1.0,4.0,383.0,399.0,4.0,16.0,383.0,388.0,1.0,5.0
15.6,2.3,4,500,2.07,6.90875477931522,0,0,0,0,0,0,0,1,0,0,0,0,0,0,0,0,0,0,0,0,1,0,1,0,0,0,1,0,0,0,0,0,0,1,0,0,0,1001.0,681.0,32.0,-320.0,1001.0,758.0,24.0,-243.0,1001.0,775.0,23.0,-226.0
15.6,2.8,16,512,2.06,7.644440761556566,0,0,0,0,1,0,0,0,0,0,0,0,0,0,0,0,0,0,0,0,1,0,0,0,1,0,0,1,0,0,0,0,0,1,0,0,0,2089.0,2274.0,9.0,185.0,2089.0,2362.0,13.0,273.0,2089.0,2053.0,2.0,-36.0
15.6,2.5,8,256,2.06,7.562161631225652,0,0,0,0,1,0,0,0,0,0,0,0,0,0,0,0,0,0,0,0,1,0,0,0,1,0,0,1,0,0,0,0,0,1,0,0,0,1924.0,1410.0,27.0,-514.0,1924.0,1376.0,28.0,-548.0,1924.0,1185.0,38.0,-739.0
15.6,2.6,12,128,2.06,7.264730177929867,0,0,1,0,0,0,0,0,0,0,0,0,0,0,0,0,0,0,0,0,1,0,0,1,0,0,1,0,0,0,0,0,0,1,0,0,0,1429.0,1372.0,4.0,-57.0,1429.0,1257.0,12.0,-172.0,1429.0,1262.0,12.0,-167.0
15.6,2.3,4,500,2.06,6.272877006546167,0,0,0,0,1,0,0,0,0,0,0,0,0,0,0,0,0,0,0,0,1,0,1,0,0,0,1,0,0,0,0,0,0,1,0,0,0,530.0,690.0,30.0,160.0,530.0,770.0,45.0,240.0,530.0,684.0,29.0,154.0
15.6,1.6,8,256,2.05,6.70073110954781,0,0,0,0,0,0,0,0,0,0,1,0,0,0,0,0,0,0,0,0,1,0,0,0,1,0,1,0,0,0,0,0,0,1,0,0,0,813.0,860.0,6.0,47.0,813.0,1026.0,26.0,213.0,813.0,972.0,20.0,159.0
15.6,2.5,8,256,2.04,6.885509670034818,0,0,0,0,0,0,0,1,0,0,0,0,0,0,0,0,0,0,0,0,1,0,0,0,1,0,0,1,0,0,0,0,0,1,0,0,0,978.0,1390.0,42.0,412.0,978.0,1064.0,9.0,86.0,978.0,1134.0,16.0,156.0
15.6,2.5,4,256,2.04,6.827629234502852,0,0,0,0,0,0,0,1,0,0,0,0,0,0,0,0,0,0,0,0,1,0,0,0,1,0,1,0,0,0,0,0,0,1,0,0,0,923.0,1011.0,9.0,88.0,923.0,970.0,5.0,47.0,923.0,905.0,2.0,-18.0
15.6,2.7,8,2000,2.04,6.539585955617669,0,0,0,0,0,0,0,1,0,0,0,0,0,0,0,0,0,0,0,0,1,0,1,0,0,0,1,0,0,0,0,0,0,1,0,0,0,692.0,1108.0,60.0,416.0,692.0,707.0,2.0,15.0,692.0,725.0,5.0,33.0
15.6,2.9,6,1000,2.04,6.405228458030842,0,0,0,0,0,0,0,1,0,0,0,0,0,0,0,0,0,0,0,1,0,0,0,1,0,1,0,0,0,0,0,0,0,1,0,0,0,605.0,909.0,50.0,304.0,605.0,606.0,0.0,1.0,605.0,659.0,9.0,54.0
15.6,2.0,6,1000,2.04,6.385194398997726,0,0,0,0,0,0,0,1,0,0,0,0,0,0,0,0,0,0,0,0,1,0,1,0,0,1,0,0,0,0,0,0,0,1,0,0,0,593.0,683.0,15.0,90.0,593.0,538.0,9.0,-55.0,593.0,688.0,16.0,95.0
15.6,1.8,8,128,2.02,6.846943139585379,0,0,0,0,1,0,0,0,0,0,0,0,0,0,0,0,0,0,0,0,1,0,0,1,0,0,1,0,0,0,0,0,0,1,0,0,0,941.0,1025.0,9.0,84.0,941.0,1073.0,14.0,132.0,941.0,1061.0,13.0,120.0
15.6,2.7,8,8,2.0,7.813591552952433,0,0,0,0,0,0,0,1,0,0,0,0,0,0,0,0,0,0,0,0,1,0,0,0,1,0,0,1,0,0,0,0,0,1,0,0,0,2474.0,1423.0,42.0,-1051.0,2474.0,1102.0,55.0,-1372.0,2474.0,1890.0,24.0,-584.0
15.6,2.7,8,256,2.0,7.761744984658913,0,0,0,0,1,0,0,0,0,0,0,0,0,0,0,0,0,0,0,0,1,0,0,0,1,0,0,1,0,0,0,0,0,1,0,0,0,2349.0,1490.0,37.0,-859.0,2349.0,1173.0,50.0,-1176.0,2349.0,1220.0,48.0,-1129.0
14.0,2.7,8,256,2.0,7.2909747781429814,0,0,1,0,0,0,0,0,0,0,0,0,0,0,0,0,0,0,0,0,1,0,0,1,0,0,1,0,0,0,0,0,0,1,0,0,0,1467.0,1338.0,9.0,-129.0,1467.0,1270.0,13.0,-197.0,1467.0,1469.0,0.0,2.0
15.6,2.7,8,256,2.0,7.204892510204673,0,0,1,0,0,0,0,0,0,0,0,0,0,0,0,0,0,0,0,0,1,0,0,1,0,0,1,0,0,0,0,0,0,1,0,0,0,1346.0,1196.0,11.0,-150.0,1346.0,1269.0,6.0,-77.0,1346.0,1409.0,5.0,63.0
15.6,2.5,8,500,2.0,6.852242569051878,0,0,0,0,0,0,0,0,0,0,0,0,0,0,0,0,1,0,0,0,1,0,1,0,0,0,1,0,0,0,0,0,0,1,0,0,0,946.0,874.0,8.0,-72.0,946.0,1124.0,19.0,178.0,946.0,1063.0,12.0,117.0
15.6,2.5,8,128,2.0,6.77078942390898,0,0,0,0,0,0,0,0,0,0,0,0,0,0,0,0,1,0,0,0,1,0,0,0,1,0,1,0,0,0,0,0,0,1,0,0,0,872.0,1208.0,39.0,336.0,872.0,1033.0,18.0,161.0,872.0,1085.0,24.0,213.0
15.6,2.4,4,500,2.0,6.601230118728877,0,0,0,0,0,0,0,0,0,0,0,0,0,0,0,0,1,0,0,0,1,0,1,0,0,0,1,0,0,0,0,0,0,1,0,0,0,736.0,710.0,4.0,-26.0,736.0,591.0,20.0,-145.0,736.0,637.0,13.0,-99.0
15.6,2.5,4,256,2.0,6.4692503167957724,0,0,1,0,0,0,0,0,0,0,0,0,0,0,0,0,0,0,0,0,1,0,0,0,1,0,1,0,0,0,0,0,0,1,0,0,0,645.0,913.0,42.0,268.0,645.0,691.0,7.0,46.0,645.0,805.0,25.0,160.0
17.3,2.0,4,1000,2.0,6.429719478039138,0,0,1,0,0,0,0,0,0,0,0,0,0,0,0,0,0,0,0,0,1,0,1,0,0,0,0,1,0,0,0,0,0,1,0,0,0,620.0,615.0,1.0,-5.0,620.0,558.0,10.0,-62.0,620.0,602.0,3.0,-18.0
15.6,2.0,4,256,2.0,6.124683390894205,0,0,1,0,0,0,0,0,0,0,0,0,0,0,0,0,0,0,0,0,1,0,0,0,1,0,1,0,0,0,1,0,0,0,0,0,0,457.0,623.0,36.0,166.0,457.0,439.0,4.0,-18.0,457.0,541.0,18.0,84.0
15.6,1.1,8,1000,2.0,6.0844994130751715,0,0,1,0,0,0,0,0,0,0,0,0,0,0,0,0,0,0,0,0,1,0,1,0,0,0,1,0,0,0,0,0,0,1,0,0,0,439.0,560.0,28.0,121.0,439.0,790.0,80.0,351.0,439.0,545.0,24.0,106.0
15.6,2.0,4,1000,2.0,6.059123195581797,0,0,1,0,0,0,0,0,0,0,0,0,0,0,0,0,0,0,0,0,1,0,1,0,0,0,1,0,0,0,1,0,0,0,0,0,0,428.0,474.0,11.0,46.0,428.0,380.0,11.0,-48.0,428.0,419.0,2.0,-9.0
15.6,1.8,4,500,2.0,5.950642552587727,0,0,1,0,0,0,0,0,0,0,0,0,0,0,0,0,0,0,0,1,0,0,1,0,0,1,0,0,0,0,0,0,0,1,0,0,0,384.0,344.0,10.0,-40.0,384.0,351.0,9.0,-33.0,384.0,323.0,16.0,-61.0
15.6,1.1,4,1000,2.0,5.921578419643816,0,0,1,0,0,0,0,0,0,0,0,0,0,0,0,0,0,0,0,0,1,0,1,0,0,0,1,0,0,0,0,0,0,1,0,0,0,373.0,468.0,25.0,95.0,373.0,421.0,13.0,48.0,373.0,409.0,10.0,36.0
15.6,2.7,8,1000,1.98,6.963189985870238,0,0,0,0,1,0,0,0,0,0,0,0,0,0,0,0,0,0,0,0,1,0,1,0,0,0,0,1,0,0,0,0,0,1,0,0,0,1057.0,1132.0,7.0,75.0,1057.0,1111.0,5.0,54.0,1057.0,1043.0,1.0,-14.0
14.0,2.8,16,512,1.95,8.067462667010057,0,0,0,0,0,0,0,0,0,0,0,0,0,0,1,0,0,0,0,0,1,0,0,0,1,0,0,1,0,0,0,0,0,1,0,0,0,3189.0,2930.0,8.0,-259.0,3189.0,2316.0,27.0,-873.0,3189.0,2863.0,10.0,-326.0
14.0,2.8,16,256,1.95,7.958227192322312,0,0,0,0,0,0,0,0,0,0,0,0,0,0,1,0,0,0,0,0,1,0,0,0,1,0,0,1,0,0,0,0,0,1,0,0,0,2859.0,2834.0,1.0,-25.0,2859.0,2102.0,26.0,-757.0,2859.0,2832.0,1.0,-27.0
15.6,1.6,8,256,1.95,7.1846291527173145,0,0,0,0,0,0,0,0,0,0,0,0,0,0,0,0,0,0,1,0,1,0,0,0,1,0,0,1,0,0,0,0,1,0,0,0,0,1319.0,865.0,34.0,-454.0,1319.0,681.0,48.0,-638.0,1319.0,833.0,37.0,-486.0
14.0,2.3,8,256,1.95,7.181591944611865,0,0,0,0,0,0,0,1,0,0,0,0,0,0,0,0,0,0,0,0,1,0,0,0,1,0,1,0,0,0,0,0,0,0,0,1,0,1315.0,1752.0,33.0,437.0,1315.0,1631.0,24.0,316.0,1315.0,1787.0,36.0,472.0
14.0,2.5,4,500,1.95,7.061334366910438,0,0,0,0,0,0,0,1,0,0,0,0,0,0,0,0,0,0,0,0,1,0,1,0,0,0,1,0,0,0,0,0,0,1,0,0,0,1166.0,803.0,31.0,-363.0,1166.0,1218.0,4.0,52.0,1166.0,936.0,20.0,-230.0
14.0,1.6,8,2000,1.94,6.059123195581797,0,0,0,0,0,0,0,1,0,0,0,0,0,0,0,0,0,0,0,0,1,0,1,0,0,0,1,0,0,0,0,0,0,1,0,0,0,428.0,907.0,112.0,479.0,428.0,609.0,42.0,181.0,428.0,655.0,53.0,227.0
15.6,2.7,8,256,1.91,6.673297967767654,0,0,0,0,0,0,0,1,0,0,0,0,0,0,0,0,0,0,0,0,1,0,0,0,1,1,0,0,0,0,0,0,0,1,0,0,0,791.0,1194.0,51.0,403.0,791.0,988.0,25.0,197.0,791.0,910.0,15.0,119.0
15.6,3.0,4,256,1.91,6.3080984415095305,0,0,0,0,0,0,0,1,0,0,0,0,0,0,0,0,0,0,0,1,0,0,0,0,1,1,0,0,0,0,0,0,0,1,0,0,0,549.0,748.0,36.0,199.0,549.0,532.0,3.0,-17.0,549.0,548.0,0.0,-1.0
15.6,2.5,8,256,1.9,7.405495663199472,0,0,0,0,0,0,0,1,0,0,0,0,0,0,0,0,0,0,0,0,1,0,0,0,1,1,0,0,0,0,0,0,0,0,0,1,0,1645.0,1549.0,6.0,-96.0,1645.0,1952.0,19.0,307.0,1645.0,1568.0,5.0,-77.0
15.6,2.8,8,256,1.9,7.323170717943469,0,0,0,0,1,0,0,0,0,0,0,0,0,0,0,0,0,0,0,0,1,0,0,0,1,0,1,0,0,0,0,0,0,1,0,0,0,1515.0,1331.0,12.0,-184.0,1515.0,1576.0,4.0,61.0,1515.0,1300.0,14.0,-215.0
15.6,2.5,8,128,1.9,6.946975992135418,0,0,0,0,1,0,0,0,0,0,0,0,0,0,0,0,0,0,0,0,1,0,0,0,1,0,1,0,0,0,0,0,0,1,0,0,0,1040.0,1203.0,16.0,163.0,1040.0,987.0,5.0,-53.0,1040.0,791.0,24.0,-249.0
15.6,2.5,8,128,1.9,6.795705775173514,0,0,0,0,0,0,0,0,0,0,1,0,0,0,0,0,0,0,0,0,1,0,0,1,0,1,0,0,0,0,0,0,0,1,0,0,0,894.0,1051.0,18.0,157.0,894.0,967.0,8.0,73.0,894.0,876.0,2.0,-18.0
15.6,2.0,4,500,1.9,6.20455776256869,0,0,0,0,0,0,0,0,0,0,1,0,0,0,0,0,0,0,0,0,1,0,1,0,0,0,1,0,0,0,0,0,1,0,0,0,0,495.0,398.0,20.0,-97.0,495.0,404.0,18.0,-91.0,495.0,352.0,29.0,-143.0
15.6,2.0,4,1000,1.9,6.003887067106539,0,0,0,0,0,0,0,0,0,0,1,0,0,0,0,0,0,0,0,0,1,0,1,0,0,1,0,0,0,0,0,0,1,0,0,0,0,405.0,397.0,2.0,-8.0,405.0,433.0,7.0,28.0,405.0,430.0,6.0,25.0
15.6,1.44,4,64,1.89,5.6131281063880705,0,0,0,1,0,0,0,0,0,0,0,0,0,0,0,0,0,0,0,0,1,1,0,0,0,0,1,0,0,0,0,0,0,1,0,0,0,274.0,269.0,2.0,-5.0,274.0,303.0,11.0,29.0,274.0,252.0,8.0,-22.0
15.6,2.5,8,1000,1.86,6.555356891810665,0,0,0,0,0,0,0,1,0,0,0,0,0,0,0,0,0,0,0,0,1,0,1,0,0,0,1,0,0,0,0,0,0,1,0,0,0,703.0,916.0,30.0,213.0,703.0,820.0,17.0,117.0,703.0,880.0,25.0,177.0
15.6,2.5,8,256,1.86,6.450470422144176,0,0,0,0,0,0,0,1,0,0,0,0,0,0,0,0,0,0,0,0,1,0,0,0,1,0,1,0,0,0,0,0,1,0,0,0,0,633.0,841.0,33.0,208.0,633.0,695.0,10.0,62.0,633.0,672.0,6.0,39.0
15.6,2.0,4,500,1.86,6.180016653652572,0,0,0,0,0,0,0,1,0,0,0,0,0,0,0,0,0,0,0,0,1,0,1,0,0,0,1,0,0,0,0,0,0,1,0,0,0,483.0,623.0,29.0,140.0,483.0,465.0,4.0,-18.0,483.0,688.0,42.0,205.0
15.6,1.6,4,256,1.86,6.0844994130751715,0,0,0,0,0,0,0,1,0,0,0,0,0,0,0,0,0,0,0,0,1,0,0,0,1,0,1,0,0,0,0,0,0,1,0,0,0,439.0,782.0,78.0,343.0,439.0,543.0,24.0,104.0,439.0,788.0,79.0,349.0
15.6,2.5,4,256,1.86,6.0063531596017325,0,0,0,0,0,0,0,1,0,0,0,0,0,0,0,0,0,0,0,1,0,0,0,0,1,1,0,0,0,0,0,0,0,1,0,0,0,406.0,649.0,60.0,243.0,406.0,468.0,15.0,62.0,406.0,510.0,26.0,104.0
15.6,1.6,4,1000,1.86,5.762051382780177,0,0,0,0,0,0,0,1,0,0,0,0,0,0,0,0,0,0,0,0,1,0,1,0,0,0,1,0,0,0,0,0,1,0,0,0,0,318.0,415.0,30.0,97.0,318.0,321.0,1.0,3.0,318.0,443.0,39.0,125.0
15.6,2.0,4,1000,1.85,6.202535517187923,0,0,0,0,0,0,0,0,0,0,1,0,0,0,0,0,0,0,0,0,1,0,1,0,0,0,1,0,0,0,0,0,0,1,0,0,0,494.0,608.0,23.0,114.0,494.0,474.0,4.0,-20.0,494.0,567.0,15.0,73.0
15.6,2.4,8,256,1.84,7.746732907753622,0,0,0,0,0,0,0,1,0,0,0,0,0,0,0,0,0,0,0,0,1,0,0,1,0,0,1,0,0,0,0,0,0,1,0,0,0,2314.0,1212.0,48.0,-1102.0,2314.0,1619.0,30.0,-695.0,2314.0,1275.0,45.0,-1039.0
15.6,2.5,4,256,1.8,6.837332814685591,0,0,0,0,0,0,0,0,0,0,1,0,0,0,0,0,0,0,0,0,1,0,0,0,1,0,1,0,0,0,0,0,0,1,0,0,0,932.0,920.0,1.0,-12.0,932.0,651.0,30.0,-281.0,932.0,920.0,1.0,-12.0
14.0,2.5,4,128,1.8,6.553933404025811,0,0,0,0,0,0,0,0,0,0,1,0,0,0,0,0,0,0,0,0,1,0,0,0,1,0,1,0,0,0,0,0,0,1,0,0,0,702.0,1012.0,44.0,310.0,702.0,707.0,1.0,5.0,702.0,660.0,6.0,-42.0
15.6,1.6,4,500,1.8,5.8289456176102075,0,0,0,0,1,0,0,0,0,0,0,0,0,0,0,0,0,0,0,0,1,0,1,0,0,0,1,0,0,0,0,0,0,1,0,0,0,340.0,564.0,66.0,224.0,340.0,679.0,100.0,339.0,340.0,503.0,48.0,163.0
14.0,1.6,8,256,1.75,7.050989447068045,0,0,0,0,0,0,0,0,0,0,1,0,0,0,0,0,0,0,0,0,1,0,0,0,1,0,1,0,0,0,0,0,0,1,0,0,0,1154.0,956.0,17.0,-198.0,1154.0,1100.0,5.0,-54.0,1154.0,1200.0,4.0,46.0
14.0,2.3,4,500,1.75,6.914730892718563,0,0,0,0,0,0,0,0,0,0,0,0,0,0,0,0,1,0,0,0,1,0,1,0,0,0,1,0,0,0,0,0,0,1,0,0,0,1007.0,768.0,24.0,-239.0,1007.0,1039.0,3.0,32.0,1007.0,684.0,32.0,-323.0
14.0,2.4,4,256,1.74,6.539585955617669,0,0,0,0,0,0,0,0,0,0,1,0,0,0,0,0,0,0,0,0,1,0,0,0,1,0,1,0,0,0,0,0,0,1,0,0,0,692.0,999.0,44.0,307.0,692.0,763.0,10.0,71.0,692.0,1085.0,57.0,393.0
14.0,2.8,8,512,1.7,7.667158255319148,0,0,0,0,0,0,0,0,0,0,1,0,0,0,0,0,0,0,0,0,1,0,0,0,1,0,0,1,0,0,0,0,0,1,0,0,0,2137.0,1589.0,26.0,-548.0,2137.0,1645.0,23.0,-492.0,2137.0,1909.0,11.0,-228.0
15.6,1.8,8,256,1.7,7.114769448366463,0,0,1,0,0,0,0,0,0,0,0,0,0,0,0,0,0,0,0,0,1,0,0,0,1,0,0,1,0,0,0,0,0,1,0,0,0,1230.0,1025.0,17.0,-205.0,1230.0,1038.0,16.0,-192.0,1230.0,956.0,22.0,-274.0
15.6,2.7,8,256,1.7,7.051855622955894,0,0,1,0,0,0,0,0,0,0,0,0,0,0,0,0,0,0,0,0,1,0,0,0,1,0,0,1,0,0,0,0,0,1,0,0,0,1155.0,1320.0,14.0,165.0,1155.0,1251.0,8.0,96.0,1155.0,1091.0,6.0,-64.0
14.0,2.3,4,508,1.7,7.004881989712859,0,0,0,0,0,0,0,0,0,0,1,0,0,0,0,0,0,0,0,0,1,0,0,1,0,0,1,0,0,0,0,0,0,0,0,1,0,1102.0,1424.0,29.0,322.0,1102.0,1090.0,1.0,-12.0,1102.0,1057.0,4.0,-45.0
14.0,2.7,8,256,1.7,6.490723534502507,0,0,0,0,0,0,0,0,0,0,1,0,0,0,0,0,0,0,0,0,1,0,0,0,1,0,1,0,0,0,0,0,1,0,0,0,0,659.0,908.0,38.0,249.0,659.0,1156.0,75.0,497.0,659.0,717.0,9.0,58.0
14.0,1.6,4,32,1.68,5.950642552587727,1,0,0,0,0,0,0,0,0,0,0,0,0,0,0,0,0,0,0,0,1,1,0,0,0,0,1,0,0,1,0,0,0,0,0,0,0,384.0,291.0,24.0,-93.0,384.0,362.0,6.0,-22.0,384.0,397.0,3.0,13.0
14.0,1.6,2,32,1.68,5.8944028342648505,1,0,0,0,0,0,0,0,0,0,0,0,0,0,0,0,0,0,0,0,1,1,0,0,0,0,1,0,0,1,0,0,0,0,0,0,0,363.0,266.0,27.0,-97.0,363.0,228.0,37.0,-135.0,363.0,230.0,37.0,-133.0
14.1,1.1,4,32,1.65,5.948034989180646,0,0,1,0,0,0,0,0,0,0,0,0,0,0,0,0,0,0,0,0,1,1,0,0,0,0,1,0,0,0,0,0,0,1,0,0,0,383.0,362.0,5.0,-21.0,383.0,315.0,18.0,-68.0,383.0,309.0,19.0,-74.0
14.0,2.5,4,256,1.64,6.975413927455952,0,0,0,0,0,0,0,1,0,0,0,0,0,0,0,0,0,0,0,0,1,0,0,0,1,0,1,0,0,0,0,0,0,1,0,0,0,1070.0,1121.0,5.0,51.0,1070.0,832.0,22.0,-238.0,1070.0,1093.0,2.0,23.0
15.6,2.7,16,512,1.63,7.387090235656757,0,0,1,0,0,0,0,0,0,0,0,0,0,0,0,0,0,0,0,0,1,0,0,0,1,0,0,1,0,0,0,0,0,1,0,0,0,1615.0,1954.0,21.0,339.0,1615.0,2169.0,34.0,554.0,1615.0,1816.0,12.0,201.0
14.0,2.4,4,128,1.63,6.645090969505644,0,0,0,0,0,0,0,1,0,0,0,0,0,0,0,0,0,0,0,0,1,0,0,0,1,0,0,1,0,0,0,0,0,1,0,0,0,769.0,1231.0,60.0,462.0,769.0,753.0,2.0,-16.0,769.0,616.0,20.0,-153.0
14.0,2.5,8,256,1.6,7.122059881629142,0,0,0,0,1,0,0,0,0,0,0,0,0,0,0,0,0,0,0,0,1,0,0,0,1,0,1,0,0,0,0,0,0,1,0,0,0,1239.0,1360.0,10.0,121.0,1239.0,1223.0,1.0,-16.0,1239.0,1444.0,17.0,205.0
13.3,1.6,8,256,1.6,7.002155954403621,1,0,0,0,0,0,0,0,0,0,0,0,0,0,0,0,0,0,0,0,1,0,0,0,1,0,1,0,0,0,0,0,0,1,0,0,0,1099.0,815.0,26.0,-284.0,1099.0,866.0,21.0,-233.0,1099.0,863.0,22.0,-236.0
14.0,2.5,4,500,1.6,6.870053411798126,0,0,0,0,1,0,0,0,0,0,0,0,0,0,0,0,0,0,0,0,1,0,1,0,0,0,1,0,0,0,0,0,0,1,0,0,0,963.0,809.0,16.0,-154.0,963.0,810.0,16.0,-153.0,963.0,848.0,12.0,-115.0
14.0,2.5,8,256,1.6,6.851184927493743,0,0,0,0,1,0,0,0,0,0,0,0,0,0,0,0,0,0,0,0,1,0,0,0,1,0,1,0,0,0,0,0,0,1,0,0,0,945.0,1360.0,44.0,415.0,945.0,1223.0,29.0,278.0,945.0,1444.0,53.0,499.0
13.3,2.5,8,256,1.6,6.7661917146603505,1,0,0,0,0,0,0,0,0,0,0,0,0,0,0,0,0,0,0,0,1,0,0,0,1,0,1,0,0,0,0,0,0,1,0,0,0,868.0,1050.0,21.0,182.0,868.0,915.0,5.0,47.0,868.0,977.0,13.0,109.0
14.0,2.0,4,128,1.6,6.695798917058491,0,0,0,0,1,0,0,0,0,0,0,0,0,0,0,0,0,0,0,0,1,0,0,0,1,0,1,0,0,0,0,0,0,1,0,0,0,809.0,971.0,20.0,162.0,809.0,731.0,10.0,-78.0,809.0,765.0,5.0,-44.0
14.0,1.6,4,128,1.6,5.950642552587727,1,0,0,0,0,0,0,0,0,0,0,0,0,0,0,0,0,0,0,0,1,1,0,0,0,0,1,0,0,0,0,0,0,1,0,0,0,384.0,350.0,9.0,-34.0,384.0,620.0,61.0,236.0,384.0,434.0,13.0,50.0
14.0,1.1,4,32,1.6,5.8916442118257715,1,0,0,0,0,0,0,0,0,0,0,0,0,0,0,0,0,0,0,0,1,1,0,0,0,0,1,0,0,0,0,0,0,1,0,0,0,362.0,300.0,17.0,-62.0,362.0,336.0,7.0,-26.0,362.0,239.0,34.0,-123.0
14.0,2.7,8,256,1.58,7.395107546562485,0,0,0,0,0,0,0,0,0,0,1,0,0,0,0,0,0,0,0,0,1,0,0,0,1,0,1,0,0,0,0,0,0,1,0,0,0,1628.0,1298.0,20.0,-330.0,1628.0,1427.0,12.0,-201.0,1628.0,1478.0,9.0,-150.0
14.0,2.4,8,256,1.56,7.20934025660291,0,0,0,0,1,0,0,0,0,0,0,0,0,0,0,0,0,0,0,0,1,0,0,0,1,0,1,0,0,0,0,0,0,1,0,0,0,1352.0,1321.0,2.0,-31.0,1352.0,1294.0,4.0,-58.0,1352.0,1430.0,6.0,78.0
14.0,2.5,8,256,1.54,7.638198244285779,0,0,0,0,0,0,0,1,0,0,0,0,0,0,0,0,0,0,0,0,1,0,0,0,1,0,1,0,0,0,0,0,0,1,0,0,0,2076.0,1339.0,35.0,-737.0,2076.0,1519.0,27.0,-557.0,2076.0,1366.0,34.0,-710.0
15.6,1.8,16,256,1.5,7.23561914106675,0,0,1,0,0,0,0,0,0,0,0,0,0,0,0,0,0,0,0,0,1,0,0,1,0,0,0,1,0,0,0,0,0,1,0,0,0,1388.0,1514.0,9.0,126.0,1388.0,1654.0,19.0,266.0,1388.0,1344.0,3.0,-44.0
13.3,2.3,8,256,1.5,7.193685818395112,0,0,0,0,0,0,0,0,0,0,0,0,0,0,0,0,1,0,0,0,1,0,0,0,1,0,1,0,0,0,0,0,0,1,0,0,0,1331.0,1349.0,1.0,18.0,1331.0,1179.0,11.0,-152.0,1331.0,1472.0,11.0,141.0
12.5,2.3,4,128,1.5,7.157735484249907,0,0,0,0,1,0,0,0,0,0,0,0,0,0,0,0,0,0,0,0,1,0,0,0,1,0,1,0,0,0,0,0,0,0,0,1,0,1284.0,1606.0,25.0,322.0,1284.0,1282.0,0.0,-2.0,1284.0,1239.0,3.0,-45.0
14.0,2.7,8,512,1.5,6.778784897685177,0,0,0,0,0,0,0,0,0,0,1,0,0,0,0,0,0,0,0,0,1,0,0,0,1,1,0,0,0,0,0,0,1,0,0,0,0,879.0,874.0,1.0,-5.0,879.0,1448.0,65.0,569.0,879.0,991.0,13.0,112.0
13.3,2.5,6,1000,1.5,6.555356891810665,0,0,1,0,0,0,0,0,0,0,0,0,0,0,0,0,0,0,0,0,1,0,1,0,0,0,1,0,0,0,0,0,0,1,0,0,0,703.0,882.0,25.0,179.0,703.0,810.0,15.0,107.0,703.0,657.0,7.0,-46.0
14.0,1.6,4,16,1.5,5.8805329864007,0,0,0,0,0,0,0,0,0,0,1,0,0,0,0,0,0,0,0,0,1,1,0,0,0,0,1,0,0,1,0,0,0,0,0,0,0,358.0,355.0,1.0,-3.0,358.0,335.0,6.0,-23.0,358.0,462.0,29.0,104.0
14.0,1.1,4,32,1.5,5.793013608384144,0,0,1,0,0,0,0,0,0,0,0,0,0,0,0,0,0,0,0,0,1,1,0,0,0,0,1,0,0,0,0,0,0,1,0,0,0,328.0,363.0,11.0,35.0,328.0,314.0,4.0,-14.0,328.0,307.0,6.0,-21.0
14.0,1.6,2,64,1.5,5.529429087511423,0,0,0,0,0,0,0,0,0,0,1,0,0,0,0,0,0,0,0,0,1,1,0,0,0,0,1,0,0,0,0,0,0,1,0,0,0,252.0,389.0,54.0,137.0,252.0,317.0,26.0,65.0,252.0,253.0,1.0,1.0
14.0,1.6,2,64,1.5,5.529429087511423,0,0,0,0,0,0,0,0,0,0,1,0,0,0,0,0,0,0,0,0,1,1,0,0,0,0,1,0,0,0,0,0,0,1,0,0,0,252.0,389.0,54.0,137.0,252.0,317.0,26.0,65.0,252.0,253.0,1.0,1.0
13.3,1.8,16,512,1.49,7.183111701743281,0,0,0,0,0,0,0,1,0,0,0,0,0,0,0,0,0,0,0,0,1,0,0,0,1,0,1,0,0,0,0,0,0,1,0,0,0,1317.0,1711.0,30.0,394.0,1317.0,1592.0,21.0,275.0,1317.0,2002.0,52.0,685.0
13.3,2.7,8,256,1.49,7.089243155027514,0,0,0,0,0,0,0,1,0,0,0,0,0,0,0,0,0,0,0,0,1,0,0,0,1,0,1,0,0,0,0,0,0,1,0,0,0,1199.0,1486.0,24.0,287.0,1199.0,1406.0,17.0,207.0,1199.0,1469.0,23.0,270.0
13.3,1.6,8,512,1.49,6.961296045910167,0,0,0,0,0,0,0,1,0,0,0,0,0,0,0,0,0,0,0,0,1,0,0,0,1,0,1,0,0,0,0,0,0,1,0,0,0,1055.0,1128.0,7.0,73.0,1055.0,1336.0,27.0,281.0,1055.0,1756.0,66.0,701.0
13.3,1.6,4,500,1.49,6.720220155135295,0,0,0,0,0,0,0,1,0,0,0,0,0,0,0,0,0,0,0,0,1,0,1,0,0,0,1,0,0,0,0,0,0,1,0,0,0,829.0,649.0,22.0,-180.0,829.0,761.0,8.0,-68.0,829.0,689.0,17.0,-140.0
14.0,2.5,4,256,1.48,7.466799475018602,0,0,0,0,0,0,0,1,0,0,0,0,0,0,0,0,0,0,0,0,1,0,0,0,1,0,1,0,0,0,0,0,0,1,0,0,0,1749.0,1117.0,36.0,-632.0,1749.0,899.0,49.0,-850.0,1749.0,1117.0,36.0,-632.0
14.0,2.4,4,256,1.48,7.098375638590786,0,0,0,0,0,0,0,1,0,0,0,0,0,0,0,0,0,0,0,0,1,0,0,0,1,0,1,0,0,0,0,0,0,1,0,0,0,1210.0,1086.0,10.0,-124.0,1210.0,857.0,29.0,-353.0,1210.0,1093.0,10.0,-117.0
14.0,2.7,4,256,1.48,7.081708586105575,0,0,0,0,0,0,0,1,0,0,0,0,0,0,0,0,0,0,0,0,1,0,0,0,1,0,1,0,0,0,0,0,0,1,0,0,0,1190.0,1182.0,1.0,-8.0,1190.0,884.0,26.0,-306.0,1190.0,1165.0,2.0,-25.0
14.0,2.3,4,128,1.47,7.103322062526113,0,0,0,0,0,0,0,0,0,0,0,0,0,0,0,0,1,0,0,0,1,0,0,0,1,0,1,0,0,0,0,0,0,1,0,0,0,1216.0,1055.0,13.0,-161.0,1216.0,1095.0,10.0,-121.0,1216.0,1078.0,11.0,-138.0
13.3,2.5,8,256,1.45,7.249925536717988,0,0,1,0,0,0,0,0,0,0,0,0,0,0,0,0,0,0,0,0,1,0,0,0,1,0,1,0,0,0,0,0,0,1,0,0,0,1408.0,1269.0,10.0,-139.0,1408.0,1230.0,13.0,-178.0,1408.0,1197.0,15.0,-211.0
13.3,1.6,4,16,1.45,6.226536669287466,0,0,0,0,0,0,0,0,0,0,1,0,0,0,0,0,0,0,0,0,1,1,0,0,0,0,1,0,0,1,0,0,0,0,0,0,0,506.0,373.0,26.0,-133.0,506.0,345.0,32.0,-161.0,506.0,453.0,10.0,-53.0
13.3,2.5,8,256,1.44,6.962243464266207,0,0,0,0,0,0,0,0,0,0,1,0,0,0,0,0,0,0,0,0,1,0,0,0,1,0,1,0,0,0,0,0,0,1,0,0,0,1056.0,1284.0,22.0,228.0,1056.0,1166.0,10.0,110.0,1056.0,1500.0,42.0,444.0
14.0,1.6,2,32,1.44,5.726847747587197,0,0,0,0,0,0,0,1,0,0,0,0,0,0,0,0,0,0,0,0,1,1,0,0,0,0,1,0,0,0,0,0,0,1,0,0,0,307.0,422.0,38.0,115.0,307.0,241.0,22.0,-66.0,307.0,200.0,35.0,-107.0
14.0,1.6,2,32,1.44,5.6131281063880705,0,0,0,0,0,0,0,1,0,0,0,0,0,0,0,0,0,0,0,0,1,1,0,0,0,0,1,0,0,0,0,0,0,1,0,0,0,274.0,422.0,54.0,148.0,274.0,241.0,12.0,-33.0,274.0,200.0,27.0,-74.0
14.0,1.1,4,64,1.44,5.6131281063880705,0,0,0,0,0,0,0,0,0,0,1,0,0,0,0,0,0,0,0,0,1,1,0,0,0,0,1,0,0,0,0,0,0,1,0,0,0,274.0,369.0,35.0,95.0,274.0,404.0,47.0,130.0,274.0,316.0,15.0,42.0
14.0,2.5,8,256,1.43,7.804659297056102,0,0,0,0,0,0,0,1,0,0,0,0,0,0,0,0,0,0,0,0,1,0,0,0,1,0,1,0,0,0,0,0,0,1,0,0,0,2452.0,1336.0,45.0,-1116.0,2452.0,1742.0,29.0,-710.0,2452.0,1383.0,44.0,-1069.0
14.0,2.5,8,256,1.43,7.408530566894626,0,0,0,0,0,0,0,1,0,0,0,0,0,0,0,0,0,0,0,0,1,0,0,0,1,0,1,0,0,0,0,0,0,1,0,0,0,1650.0,1336.0,19.0,-314.0,1650.0,1742.0,6.0,92.0,1650.0,1383.0,16.0,-267.0
13.9,1.8,16,512,1.4,7.744569809354496,0,0,0,0,0,0,0,0,0,0,1,0,0,0,0,0,0,0,0,0,1,0,0,0,1,0,1,0,0,0,0,0,0,1,0,0,0,2309.0,1498.0,35.0,-811.0,2309.0,1698.0,26.0,-611.0,2309.0,2092.0,9.0,-217.0
13.9,1.8,16,512,1.4,7.617759576608505,0,0,0,0,0,0,0,0,0,0,1,0,0,0,0,0,0,0,0,0,1,0,0,0,1,0,1,0,0,0,0,0,0,1,0,0,0,2034.0,1498.0,26.0,-536.0,2034.0,1698.0,17.0,-336.0,2034.0,2092.0,3.0,58.0
11.6,1.1,4,32,1.4,6.517671272912275,0,0,0,0,0,0,0,1,0,0,0,0,0,0,0,0,0,0,0,0,1,1,0,0,0,0,1,0,0,1,0,0,0,0,0,0,0,677.0,399.0,41.0,-278.0,677.0,361.0,47.0,-316.0,677.0,438.0,35.0,-239.0
11.6,1.1,8,64,1.4,6.300785794663244,0,0,0,0,0,0,0,1,0,0,0,0,0,0,0,0,0,0,0,0,1,1,0,0,0,0,1,0,0,1,0,0,0,0,0,0,0,545.0,480.0,12.0,-65.0,545.0,1506.0,176.0,961.0,545.0,984.0,80.0,439.0
12.3,1.1,6,64,1.4,6.202535517187923,0,0,0,1,0,0,0,0,0,0,0,0,0,0,0,0,0,0,0,0,1,1,0,0,0,0,1,0,0,0,0,0,0,1,0,0,0,494.0,334.0,32.0,-160.0,494.0,501.0,1.0,7.0,494.0,503.0,2.0,9.0
14.0,1.92,4,32,1.4,5.676753802268282,0,0,0,0,0,0,0,0,0,0,0,0,1,0,0,0,0,0,0,0,1,0,1,0,0,0,1,0,0,0,0,0,0,1,0,0,0,292.0,373.0,28.0,81.0,292.0,366.0,25.0,74.0,292.0,325.0,11.0,33.0
14.0,1.44,4,32,1.4,5.6131281063880705,0,0,0,0,0,0,0,0,0,0,0,0,1,0,0,0,0,0,0,0,1,0,0,0,1,0,1,0,0,0,0,0,0,1,0,0,0,274.0,472.0,72.0,198.0,274.0,355.0,30.0,81.0,274.0,457.0,67.0,183.0
13.3,2.7,8,256,1.39,7.142036574706803,0,0,0,0,0,0,0,1,0,0,0,0,0,0,0,0,0,0,0,0,1,0,0,0,1,0,1,0,0,0,0,0,0,1,0,0,0,1264.0,1483.0,17.0,219.0,1264.0,1350.0,7.0,86.0,1264.0,1477.0,17.0,213.0
11.6,1.0,4,128,1.39,6.4967749901858625,0,0,0,0,1,0,0,0,0,0,0,0,0,0,0,0,0,0,0,0,1,0,0,0,1,0,1,0,0,0,0,0,0,1,0,0,0,663.0,863.0,30.0,200.0,663.0,689.0,4.0,26.0,663.0,743.0,12.0,80.0
13.9,2.7,8,256,1.38,7.302496423727326,0,0,0,0,0,0,0,0,0,0,1,0,0,0,0,0,0,0,0,0,1,0,0,0,1,0,1,0,0,0,0,0,0,1,0,0,0,1484.0,1301.0,12.0,-183.0,1484.0,1435.0,3.0,-49.0,1484.0,1495.0,1.0,11.0
13.3,2.7,8,512,1.37,7.681099001536359,0,0,0,0,0,0,0,0,0,0,1,0,0,0,0,0,0,0,0,0,1,0,0,0,1,0,1,0,0,0,0,0,0,1,0,0,0,2167.0,1403.0,35.0,-764.0,2167.0,2100.0,3.0,-67.0,2167.0,2065.0,5.0,-102.0
13.3,2.7,8,256,1.37,7.6708948313621175,0,0,0,0,0,0,0,0,0,0,1,0,0,0,0,0,0,0,0,0,1,0,0,0,1,0,1,0,0,0,0,0,0,1,0,0,0,2145.0,1357.0,37.0,-788.0,2145.0,1633.0,24.0,-512.0,2145.0,1535.0,28.0,-610.0
13.9,1.8,8,512,1.37,7.617759576608505,0,0,0,0,0,0,0,0,0,0,1,0,0,0,0,0,0,0,0,0,1,0,0,0,1,0,1,0,0,0,0,0,0,1,0,0,0,2034.0,1044.0,49.0,-990.0,2034.0,1873.0,8.0,-161.0,2034.0,1911.0,6.0,-123.0
13.3,2.5,8,512,1.37,7.60489448081162,0,0,0,0,0,0,0,0,0,0,1,0,0,0,0,0,0,0,0,0,1,0,0,0,1,0,1,0,0,0,0,0,0,1,0,0,0,2008.0,1326.0,34.0,-682.0,2008.0,1858.0,7.0,-150.0,2008.0,2049.0,2.0,41.0
13.3,2.7,8,256,1.37,7.566828479208331,0,0,0,0,0,0,0,0,0,0,1,0,0,0,0,0,0,0,0,0,1,0,0,0,1,0,1,0,0,0,0,0,0,1,0,0,0,1933.0,1357.0,30.0,-576.0,1933.0,1633.0,16.0,-300.0,1933.0,1535.0,21.0,-398.0
13.3,2.3,8,256,1.37,7.4205789054108005,0,1,0,0,0,0,0,0,0,0,0,0,0,0,0,0,0,0,0,0,1,0,0,0,1,0,1,0,0,0,0,0,0,0,0,0,1,1670.0,1910.0,14.0,240.0,1670.0,1528.0,9.0,-142.0,1670.0,1519.0,9.0,-151.0
14.0,2.6,16,512,1.36,7.918992488165245,0,0,0,0,0,0,0,0,0,0,1,0,0,0,0,0,0,0,0,0,1,0,0,0,1,0,1,0,0,0,0,0,0,1,0,0,0,2749.0,1862.0,32.0,-887.0,2749.0,1980.0,28.0,-769.0,2749.0,2171.0,21.0,-578.0
12.5,2.7,16,512,1.36,7.589841512182657,0,0,0,0,0,0,0,0,0,0,1,0,0,0,0,0,0,0,0,0,1,0,0,0,1,0,1,0,0,0,0,0,0,1,0,0,0,1978.0,2126.0,8.0,148.0,1978.0,1810.0,8.0,-168.0,1978.0,2253.0,14.0,275.0
13.3,1.6,8,256,1.35,7.001245622069476,0,1,0,0,0,0,0,0,0,0,0,0,0,0,0,0,0,0,0,0,1,1,0,0,0,0,1,0,0,0,0,1,0,0,0,0,0,1098.0,1389.0,26.0,291.0,1098.0,1357.0,24.0,259.0,1098.0,1339.0,22.0,241.0
13.3,1.44,4,32,1.35,5.638354669333745,0,0,0,0,0,0,0,0,0,0,0,0,1,0,0,0,0,0,0,0,1,1,0,0,0,0,1,0,0,0,0,0,0,1,0,0,0,281.0,272.0,3.0,-9.0,281.0,356.0,27.0,75.0,281.0,491.0,75.0,210.0
14.0,2.7,24,512,1.32,7.8709295967551425,0,0,0,0,0,0,0,0,0,0,1,0,0,0,0,0,0,0,0,0,1,0,0,0,1,0,1,0,0,0,0,0,0,1,0,0,0,2620.0,2743.0,5.0,123.0,2620.0,2260.0,14.0,-360.0,2620.0,2337.0,11.0,-283.0
14.0,2.5,8,256,1.32,7.590346945602565,0,0,0,0,0,0,0,0,0,0,1,0,0,0,0,0,0,0,0,0,1,0,0,0,1,0,1,0,0,0,0,0,0,1,0,0,0,1979.0,1220.0,38.0,-759.0,1979.0,1766.0,11.0,-213.0,1979.0,1472.0,26.0,-507.0
13.3,2.5,4,256,1.32,6.645090969505644,0,0,0,0,0,0,0,1,0,0,0,0,0,0,0,0,0,0,0,0,1,0,0,0,1,0,1,0,0,0,0,0,0,1,0,0,0,769.0,1169.0,52.0,400.0,769.0,1212.0,58.0,443.0,769.0,1217.0,58.0,448.0
13.3,2.2,16,1000,1.3,7.590346945602565,0,0,0,0,0,0,0,0,0,0,1,0,0,0,0,0,0,0,0,0,1,0,0,0,1,0,1,0,0,0,0,0,0,1,0,0,0,1979.0,1859.0,6.0,-120.0,1979.0,2382.0,20.0,403.0,1979.0,2846.0,44.0,867.0
12.5,2.5,8,256,1.3,7.541683099882111,0,0,0,0,0,0,0,0,0,0,1,0,0,0,0,0,0,0,0,0,1,0,0,0,1,0,1,0,0,0,0,0,0,1,0,0,0,1885.0,1354.0,28.0,-531.0,1885.0,1540.0,18.0,-345.0,1885.0,1568.0,17.0,-317.0
13.3,2.5,16,512,1.3,7.407924322559599,0,0,0,0,0,0,0,0,0,0,1,0,0,0,0,0,0,0,0,0,1,0,0,0,1,0,1,0,0,0,0,0,0,1,0,0,0,1649.0,1898.0,15.0,249.0,1649.0,1679.0,2.0,30.0,1649.0,2199.0,33.0,550.0
13.3,1.8,8,256,1.3,7.1846291527173145,0,0,0,0,0,0,0,0,0,0,1,0,0,0,0,0,0,0,0,0,1,0,0,0,1,0,1,0,0,0,0,0,0,1,0,0,0,1319.0,1052.0,20.0,-267.0,1319.0,1531.0,16.0,212.0,1319.0,1381.0,5.0,62.0
13.3,2.5,8,256,1.3,7.036148493750536,0,0,0,0,0,0,0,0,0,0,1,0,0,0,0,0,0,0,0,0,1,0,0,0,1,0,1,0,0,0,0,0,0,1,0,0,0,1137.0,1281.0,13.0,144.0,1137.0,1436.0,26.0,299.0,1137.0,1511.0,33.0,374.0
14.0,2.4,4,128,1.3,6.327936783729195,0,0,1,0,0,0,0,0,0,0,0,0,0,0,0,0,0,0,0,0,1,0,0,0,1,0,1,0,0,0,0,0,0,1,0,0,0,560.0,962.0,72.0,402.0,560.0,1093.0,95.0,533.0,560.0,751.0,34.0,191.0
14.0,1.1,4,32,1.3,5.655991810819852,0,0,0,0,0,0,0,0,0,0,0,0,0,0,0,0,0,1,0,0,1,1,0,0,0,0,1,0,0,0,0,0,0,1,0,0,0,286.0,212.0,26.0,-74.0,286.0,246.0,14.0,-40.0,286.0,212.0,26.0,-74.0
13.3,1.8,8,512,1.29,7.695757990554761,0,0,0,0,0,0,0,1,0,0,0,0,0,0,0,0,0,0,0,0,1,0,0,0,1,0,1,0,0,0,0,0,0,1,0,0,0,2199.0,1188.0,46.0,-1011.0,2199.0,1824.0,17.0,-375.0,2199.0,1815.0,17.0,-384.0
12.5,2.5,16,512,1.29,7.590346945602565,0,0,0,0,0,0,0,0,0,0,0,0,0,0,1,0,0,0,0,0,1,0,0,0,1,0,1,0,0,0,0,0,0,1,0,0,0,1979.0,2568.0,30.0,589.0,1979.0,2280.0,15.0,301.0,1979.0,2287.0,16.0,308.0
13.3,2.5,8,256,1.29,7.407924322559599,0,0,0,0,1,0,0,0,0,0,0,0,0,0,0,0,0,0,0,0,1,0,0,0,1,0,1,0,0,0,0,0,0,1,0,0,0,1649.0,1419.0,14.0,-230.0,1649.0,1666.0,1.0,17.0,1649.0,1504.0,9.0,-145.0
13.3,1.5,4,32,1.29,6.517671272912275,0,0,0,0,0,0,0,1,0,0,0,0,0,0,0,0,0,0,0,0,1,1,0,0,0,0,1,0,0,1,0,0,0,0,0,0,0,677.0,396.0,42.0,-281.0,677.0,350.0,48.0,-327.0,677.0,400.0,41.0,-277.0
13.3,2.5,4,256,1.28,7.590346945602565,0,0,0,0,0,0,0,1,0,0,0,0,0,0,0,0,0,0,0,0,1,0,0,0,1,0,1,0,0,0,0,0,0,1,0,0,0,1979.0,1169.0,41.0,-810.0,1979.0,1212.0,39.0,-767.0,1979.0,1223.0,38.0,-756.0
13.3,2.5,4,256,1.28,7.533693709848633,0,0,0,0,0,0,0,1,0,0,0,0,0,0,0,0,0,0,0,0,1,0,0,0,1,0,1,0,0,0,0,0,0,1,0,0,0,1870.0,1169.0,38.0,-701.0,1870.0,1212.0,35.0,-658.0,1870.0,1223.0,35.0,-647.0
13.3,2.3,8,256,1.28,6.9363427358340495,0,0,0,0,0,0,0,0,0,0,0,0,0,0,0,0,0,0,1,0,1,0,0,0,1,0,0,1,0,0,0,0,0,1,0,0,0,1029.0,1748.0,70.0,719.0,1029.0,1346.0,31.0,317.0,1029.0,1413.0,37.0,384.0
13.3,2.5,8,256,1.27,6.928537818164665,0,0,1,0,0,0,0,0,0,0,0,0,0,0,0,0,0,0,0,0,1,0,0,0,1,0,1,0,0,0,0,0,0,1,0,0,0,1021.0,1265.0,24.0,244.0,1021.0,1303.0,28.0,282.0,1021.0,1220.0,19.0,199.0
12.5,2.3,4,500,1.26,7.459914766241105,0,0,0,0,0,0,0,1,0,0,0,0,0,0,0,0,0,0,0,0,1,0,1,0,0,0,1,0,0,0,0,0,0,1,0,0,0,1737.0,831.0,52.0,-906.0,1737.0,1475.0,15.0,-262.0,1737.0,984.0,43.0,-753.0
12.5,2.5,8,256,1.26,7.302496423727326,0,0,0,0,0,0,0,1,0,0,0,0,0,0,0,0,0,0,0,0,1,0,0,0,1,0,1,0,0,0,0,0,0,1,0,0,0,1484.0,1479.0,0.0,-5.0,1484.0,1836.0,24.0,352.0,1484.0,1503.0,1.0,19.0
13.5,2.8,8,256,1.252,7.628031126930335,0,0,0,0,0,0,0,0,0,0,0,0,0,1,0,0,0,0,0,0,1,0,0,0,1,0,1,0,0,0,0,0,0,0,1,0,0,2055.0,1782.0,13.0,-273.0,2055.0,2004.0,2.0,-51.0,2055.0,1692.0,18.0,-363.0
11.6,1.6,4,16,1.25,5.676753802268282,0,0,0,0,0,0,0,0,0,0,1,0,0,0,0,0,0,0,0,0,1,0,0,0,1,0,1,0,0,1,0,0,0,0,0,0,0,292.0,762.0,161.0,470.0,292.0,340.0,16.0,48.0,292.0,397.0,36.0,105.0
13.3,2.4,8,256,1.23,7.324489979348532,0,0,0,0,1,0,0,0,0,0,0,0,0,0,0,0,0,0,0,0,1,0,0,0,1,0,1,0,0,0,0,0,0,1,0,0,0,1517.0,1378.0,9.0,-139.0,1517.0,1604.0,6.0,87.0,1517.0,1499.0,1.0,-18.0
13.3,1.6,8,128,1.22,6.981934677156389,0,0,0,0,1,0,0,0,0,0,0,0,0,0,0,0,0,0,0,0,1,0,0,0,1,0,1,0,0,0,0,0,0,1,0,0,0,1077.0,1082.0,0.0,5.0,1077.0,1619.0,50.0,542.0,1077.0,869.0,19.0,-208.0
13.3,2.4,8,256,1.2,7.4318919168078,0,0,0,0,0,0,0,0,0,0,0,0,0,0,0,0,1,0,0,0,1,0,0,0,1,0,1,0,0,0,0,0,0,1,0,0,0,1689.0,1379.0,18.0,-310.0,1689.0,1502.0,11.0,-187.0,1689.0,1501.0,11.0,-188.0
13.3,2.3,4,128,1.2,7.181591944611865,0,0,0,0,0,0,0,0,0,0,0,0,0,0,0,0,1,0,0,0,1,0,0,0,1,0,1,0,0,0,0,0,0,1,0,0,0,1315.0,1102.0,16.0,-213.0,1315.0,1257.0,4.0,-58.0,1315.0,1170.0,11.0,-145.0
11.6,1.1,4,64,1.2,5.924255797414532,0,0,1,0,0,0,0,0,0,0,0,0,0,0,0,0,0,0,0,0,1,1,0,0,0,0,1,0,0,0,0,0,0,0,1,0,0,374.0,273.0,27.0,-101.0,374.0,464.0,24.0,90.0,374.0,441.0,18.0,67.0
11.6,1.6,4,16,1.2,5.75890177387728,0,0,1,0,0,0,0,0,0,0,0,0,0,0,0,0,0,0,0,0,1,1,0,0,0,0,1,0,0,1,0,0,0,0,0,0,0,317.0,413.0,30.0,96.0,317.0,364.0,15.0,47.0,317.0,752.0,137.0,435.0
13.3,1.8,8,512,1.19,7.407924322559599,0,0,0,0,0,0,0,0,0,0,1,0,0,0,0,0,0,0,0,0,1,0,0,0,1,0,1,0,0,0,0,0,0,1,0,0,0,1649.0,1085.0,34.0,-564.0,1649.0,1733.0,5.0,84.0,1649.0,1976.0,20.0,327.0
15.0,2.7,8,256,1.17,7.533158807455563,0,0,0,0,0,0,0,0,0,0,0,0,0,0,0,1,0,0,0,0,1,0,0,0,1,0,1,0,0,0,0,0,0,1,0,0,0,1869.0,1271.0,32.0,-598.0,1869.0,1911.0,2.0,42.0,1869.0,1534.0,18.0,-335.0
11.6,1.6,2,32,1.17,5.438079308923196,0,0,0,0,0,0,0,1,0,0,0,0,0,0,0,0,0,0,0,0,1,1,0,0,0,0,1,0,0,0,0,0,0,1,0,0,0,230.0,497.0,116.0,267.0,230.0,232.0,1.0,2.0,230.0,226.0,2.0,-4.0
11.6,1.1,4,32,1.16,5.796057750765372,0,0,0,0,0,0,0,0,0,0,0,0,1,0,0,0,0,0,0,0,1,0,0,0,1,0,1,0,0,0,0,0,0,1,0,0,0,329.0,505.0,54.0,176.0,329.0,382.0,16.0,53.0,329.0,491.0,49.0,162.0
14.0,2.7,8,512,1.13,7.918992488165245,0,0,0,0,0,0,0,0,0,0,1,0,0,0,0,0,0,0,0,0,1,0,0,0,1,0,1,0,0,0,0,0,0,1,0,0,0,2749.0,1329.0,52.0,-1420.0,2749.0,2278.0,17.0,-471.0,2749.0,2043.0,26.0,-706.0
14.0,2.5,8,256,1.13,7.631916513071252,0,0,0,0,0,0,0,0,0,0,1,0,0,0,0,0,0,0,0,0,1,1,0,0,0,0,1,0,0,0,0,0,0,1,0,0,0,2063.0,667.0,68.0,-1396.0,2063.0,1838.0,11.0,-225.0,2063.0,1343.0,35.0,-720.0
13.3,1.2,8,256,1.12,6.992096427415888,1,0,0,0,0,0,0,0,0,0,0,0,0,0,0,0,0,0,0,0,1,0,0,0,1,0,1,0,0,0,0,0,0,1,0,0,0,1088.0,721.0,34.0,-367.0,1088.0,1522.0,40.0,434.0,1088.0,853.0,22.0,-235.0
14.0,2.6,16,256,1.1,7.966239776559467,0,0,0,0,0,0,0,0,0,0,1,0,0,0,0,0,0,0,0,0,1,0,0,0,1,0,1,0,0,0,0,0,0,0,0,1,0,2882.0,2458.0,15.0,-424.0,2882.0,2105.0,27.0,-777.0,2882.0,1690.0,41.0,-1192.0
14.0,2.6,16,512,1.1,7.744569809354496,0,0,0,0,0,0,0,0,0,0,1,0,0,0,0,0,0,0,0,0,1,0,0,0,1,0,1,0,0,0,0,0,0,1,0,0,0,2309.0,1852.0,20.0,-457.0,2309.0,2272.0,2.0,-37.0,2309.0,2184.0,5.0,-125.0
13.3,1.8,8,512,1.1,7.407924322559599,0,0,1,0,0,0,0,0,0,0,0,0,0,0,0,0,0,0,0,0,1,0,0,0,1,0,1,0,0,0,0,0,0,1,0,0,0,1649.0,1070.0,35.0,-579.0,1649.0,1542.0,6.0,-107.0,1649.0,1359.0,18.0,-290.0
13.3,1.6,8,256,1.1,7.277247726631484,0,0,1,0,0,0,0,0,0,0,0,0,0,0,0,0,0,0,0,0,1,0,0,0,1,0,1,0,0,0,0,0,0,1,0,0,0,1447.0,979.0,32.0,-468.0,1447.0,1380.0,5.0,-67.0,1447.0,1094.0,24.0,-353.0
12.3,1.2,8,128,1.1,7.246368080102461,0,0,0,0,0,0,1,0,0,0,0,0,0,0,0,0,0,0,0,0,1,0,0,0,1,0,1,0,0,1,0,0,0,0,0,0,0,1403.0,1622.0,16.0,219.0,1403.0,1681.0,20.0,278.0,1403.0,1387.0,1.0,-16.0
11.6,1.1,2,32,1.1,5.713732805509369,0,0,1,0,0,0,0,0,0,0,0,0,0,0,0,0,0,0,0,0,1,1,0,0,0,0,1,0,0,0,0,0,0,1,0,0,0,303.0,390.0,29.0,87.0,303.0,244.0,20.0,-59.0,303.0,189.0,38.0,-114.0
11.6,1.1,2,32,1.1,5.598421958998375,0,0,1,0,0,0,0,0,0,0,0,0,0,0,0,0,0,0,0,0,1,1,0,0,0,0,1,0,0,0,0,0,0,1,0,0,0,270.0,390.0,44.0,120.0,270.0,244.0,10.0,-26.0,270.0,189.0,30.0,-81.0
15.6,1.8,8,512,1.09,7.835579246669965,0,0,0,0,0,0,0,0,0,1,0,0,0,0,0,0,0,0,0,0,1,0,0,0,1,0,1,0,0,0,0,0,0,1,0,0,0,2529.0,1348.0,47.0,-1181.0,2529.0,1857.0,27.0,-672.0,2529.0,1889.0,25.0,-640.0
11.6,1.6,4,256,1.08,6.961296045910167,0,1,0,0,0,0,0,0,0,0,0,0,0,0,0,0,0,0,0,0,1,1,0,0,0,0,1,0,0,0,0,1,0,0,0,0,0,1055.0,1299.0,23.0,244.0,1055.0,524.0,50.0,-531.0,1055.0,1111.0,5.0,56.0
12.5,1.2,8,512,0.99,7.338888133838879,0,0,0,0,0,0,0,0,0,0,1,0,0,0,0,0,0,0,0,0,1,0,0,0,1,0,1,0,0,0,0,0,0,1,0,0,0,1539.0,965.0,37.0,-574.0,1539.0,1844.0,20.0,305.0,1539.0,1930.0,25.0,391.0
12.0,1.2,8,256,0.92,7.236339342754344,0,1,0,0,0,0,0,0,0,0,0,0,0,0,0,0,0,0,0,0,1,0,0,0,1,0,1,0,0,0,0,0,0,0,0,0,1,1389.0,1521.0,10.0,132.0,1389.0,1592.0,15.0,203.0,1389.0,1397.0,1.0,8.0
10.1,1.44,4,64,0.69,6.403574197934815,0,0,0,0,0,0,0,0,0,0,1,0,0,0,0,0,0,0,0,0,1,1,0,0,0,0,1,0,1,0,0,0,0,0,0,0,0,604.0,351.0,42.0,-253.0,604.0,396.0,35.0,-208.0,604.0,340.0,44.0,-264.0
