Company,Memory_Structure_Categories,Gpu_Type,Gpu_Company,OpSys,Cpu_Company,Inches,CPU_Frequency_Numeric,Ram_Numeric,Size_Numeric,Weight_Numeric,Price_dollars,Log_Price_dollars,Actual_LR,Predicted_LR,pctDiff_LR,Diff_LR,Actual_RF,Predicted_RF,pctDiff_RF,Diff_RF,Actual_NN,Predicted_NN,pctDiff_NN,Diff_NN
Dell,Hybrid,GeForce GTX 1070M,Nvidia,Windows 10,Intel,17.3,2.8,32,1000,4.42,3948,8.280964400553373,3948.0,4805.0,22.0,857.0,3948.0,3636.0,8.0,-312.0,3948.0,3747.0,5.0,-201.0
Dell,Hybrid,GeForce GTX 1070,Nvidia,Windows 10,Intel,17.3,2.8,32,512,4.42,3462,8.149601735736155,3462.0,4509.0,30.0,1047.0,3462.0,3414.0,1.0,-48.0,3462.0,3498.0,1.0,36.0
Dell,Hybrid,GeForce GTX 1070,Nvidia,Windows 10,Intel,17.3,2.6,32,256,4.42,3080,8.03268487596762,3080.0,4123.0,34.0,1043.0,3080.0,3016.0,2.0,-64.0,3080.0,2775.0,10.0,-305.0
Dell,Hybrid,GeForce GTX 1070,Nvidia,Windows 10,Intel,17.3,2.8,16,512,4.36,3469,8.15162164696975,3469.0,2191.0,37.0,-1278.0,3469.0,2930.0,16.0,-539.0,3469.0,2005.0,42.0,-1464.0
Acer,Hybrid,GeForce GTX 1070,Nvidia,Windows 10,Intel,17.3,2.8,16,256,4.2,2859,7.958227192322312,2859.0,1552.0,46.0,-1307.0,2859.0,2366.0,17.0,-493.0,2859.0,1900.0,34.0,-959.0
Asus,HDD,GeForce GTX 965M,Nvidia,No OS,Intel,17.3,2.6,16,1000,4.0,1098,7.001245622069476,1098.0,909.0,17.0,-189.0,1098.0,2130.0,94.0,1032.0,1098.0,933.0,15.0,-165.0
Asus,SSD,GeForce GTX 1080,Nvidia,Windows 10,Intel,17.3,2.7,32,512,3.8,3079,8.0323601479245,3079.0,3729.0,21.0,650.0,3079.0,2500.0,19.0,-579.0,3079.0,3351.0,9.0,272.0
HP,HDD,Radeon RX 580,AMD,Windows 10,Intel,17.3,2.8,12,1000,3.74,1924,7.562161631225652,1924.0,1030.0,46.0,-894.0,1924.0,1677.0,13.0,-247.0,1924.0,955.0,50.0,-969.0
Razer,SSD,GeForce GTX 1080,Nvidia,Windows 10,Intel,17.3,2.9,32,512,3.49,6049,8.707648248106914,6049.0,5076.0,16.0,-973.0,6049.0,4298.0,29.0,-1751.0,6049.0,3588.0,41.0,-2461.0
Dell,SSD,Quadro M1200,Nvidia,Windows 10,Intel,17.3,2.9,16,256,3.42,3173,8.062432791583195,3173.0,2066.0,35.0,-1107.0,3173.0,3244.0,2.0,71.0,3173.0,1781.0,44.0,-1392.0
HP,Hybrid,GeForce GTX 1070,Nvidia,Windows 10,Intel,17.3,2.8,12,256,3.35,2199,7.695757990554761,2199.0,1709.0,22.0,-490.0,2199.0,1602.0,27.0,-597.0,2199.0,1664.0,24.0,-535.0
Lenovo,Hybrid,GeForce GTX 960,Nvidia,Windows 10,Intel,15.6,2.6,8,128,3.31,1316,7.182352111885263,1316.0,1367.0,4.0,51.0,1316.0,1481.0,13.0,165.0,1316.0,1287.0,2.0,-29.0
Acer,HDD,GeForce 940MX,Nvidia,Windows 10,Intel,17.3,2.0,4,1000,3.3,658,6.489204931325317,658.0,521.0,21.0,-137.0,658.0,597.0,9.0,-61.0,658.0,573.0,13.0,-85.0
Dell,Hybrid,GeForce GTX 1070,Nvidia,Windows 10,Intel,15.6,2.8,16,256,3.21,3052,8.023552392404348,3052.0,2331.0,24.0,-721.0,3052.0,1906.0,38.0,-1146.0,3052.0,1845.0,40.0,-1207.0
Dell,Hybrid,GeForce GTX 970M,Nvidia,Windows 10,Intel,15.6,2.6,16,256,3.21,1462,7.2875606403097235,1462.0,2203.0,51.0,741.0,1462.0,1862.0,27.0,400.0,1462.0,1811.0,24.0,349.0
Asus,Hybrid,Radeon RX 580,AMD,Windows 10,AMD,17.3,3.0,16,256,3.2,1704,7.440733707389261,1704.0,1095.0,36.0,-609.0,1704.0,2682.0,57.0,978.0,1704.0,1807.0,6.0,103.0
HP,HDD,FirePro W6150M,AMD,Windows 7,Intel,17.3,2.6,8,1000,3.0,3189,8.067462667010057,3189.0,1099.0,66.0,-2090.0,3189.0,1129.0,65.0,-2060.0,3189.0,912.0,71.0,-2277.0
Asus,Hybrid,GeForce GTX 1050 Ti,Nvidia,Windows 10,Intel,17.3,2.8,16,256,3.0,1750,7.4673710669175595,1750.0,1837.0,5.0,87.0,1750.0,1790.0,2.0,40.0,1750.0,1673.0,4.0,-77.0
Asus,HDD,GeForce GTX 1050,Nvidia,Windows 10,Intel,17.3,2.8,8,1000,3.0,1306,7.174724309836376,1306.0,941.0,28.0,-365.0,1306.0,1372.0,5.0,66.0,1306.0,856.0,34.0,-450.0
Asus,HDD,GeForce GTX 1050,Nvidia,Windows 10,Intel,17.3,2.8,8,1000,3.0,1143,7.04141166379481,1143.0,941.0,18.0,-202.0,1143.0,1372.0,20.0,229.0,1143.0,856.0,25.0,-287.0
Acer,SSD,GeForce MX150,Nvidia,Windows 10,Intel,15.6,1.8,8,256,3.0,1046,6.952728644624869,1046.0,868.0,17.0,-178.0,1046.0,1044.0,0.0,-2.0,1046.0,814.0,22.0,-232.0
Asus,Hybrid,GeForce GTX 1050,Nvidia,Windows 10,Intel,17.3,2.5,8,128,3.0,1032,6.939253946041508,1032.0,1158.0,12.0,126.0,1032.0,1667.0,62.0,635.0,1032.0,1472.0,43.0,440.0
Acer,SSD,GeForce MX150,Nvidia,Windows 10,Intel,17.3,1.6,4,256,3.0,886,6.786716950605081,886.0,608.0,31.0,-278.0,886.0,682.0,23.0,-204.0,886.0,574.0,35.0,-312.0
Lenovo,HDD,Radeon R5 M330,AMD,Windows 10,Intel,17.3,2.3,8,1000,3.0,725,6.586171654854675,725.0,674.0,7.0,-51.0,725.0,653.0,10.0,-72.0,725.0,715.0,1.0,-10.0
Acer,HDD,GeForce MX130,Nvidia,Windows 10,Intel,17.3,2.7,4,1000,3.0,721,6.580639137284949,721.0,630.0,13.0,-91.0,721.0,723.0,0.0,2.0,721.0,640.0,11.0,-81.0
MSI,Hybrid,GeForce GTX 1070,Nvidia,Windows 10,Intel,15.6,2.8,16,256,2.94,2495,7.822044008185619,2495.0,2322.0,7.0,-173.0,2495.0,2123.0,15.0,-372.0,2495.0,2028.0,19.0,-467.0
Asus,Hybrid,GeForce GTX 1070,Nvidia,Windows 10,Intel,17.3,2.8,16,256,2.9,2334,7.755338812846501,2334.0,1833.0,21.0,-501.0,2334.0,2126.0,9.0,-208.0,2334.0,1638.0,30.0,-696.0
Asus,Hybrid,GeForce GTX 1050,Nvidia,Windows 10,Intel,17.3,2.8,16,256,2.9,1548,7.344719054149673,1548.0,1833.0,18.0,285.0,1548.0,2126.0,37.0,578.0,1548.0,1638.0,6.0,90.0
Dell,HDD,Radeon R7 M445,AMD,Linux,Intel,17.3,2.7,8,1000,2.83,952,6.858565034791365,952.0,654.0,31.0,-298.0,952.0,1002.0,5.0,50.0,952.0,723.0,24.0,-229.0
Dell,Hybrid,Radeon 530,AMD,Windows 10,Intel,17.3,1.8,16,256,2.8,1536,7.336936913707618,1536.0,1261.0,18.0,-275.0,1536.0,1370.0,11.0,-166.0,1536.0,1228.0,20.0,-308.0
Dell,Hybrid,Radeon 530,AMD,Windows 10,Intel,17.3,1.8,16,256,2.8,1429,7.264730177929867,1429.0,1261.0,12.0,-168.0,1429.0,1370.0,4.0,-59.0,1429.0,1228.0,14.0,-201.0
Dell,Hybrid,Radeon 530,AMD,Windows 10,Intel,17.3,1.6,8,128,2.8,1194,7.085064293952548,1194.0,818.0,31.0,-376.0,1194.0,1072.0,10.0,-122.0,1194.0,1021.0,14.0,-173.0
Dell,Hybrid,Radeon 530,AMD,Linux,Intel,17.3,1.6,8,128,2.8,978,6.885509670034818,978.0,643.0,34.0,-335.0,978.0,1071.0,10.0,93.0,978.0,1066.0,9.0,88.0
Lenovo,SSD,GeForce MX150,Nvidia,No OS,Intel,17.3,1.6,8,256,2.8,768,6.643789733147672,768.0,622.0,19.0,-146.0,768.0,764.0,0.0,-4.0,768.0,455.0,41.0,-313.0
Lenovo,HDD,GeForce GTX 940M,Nvidia,Windows 10,Intel,17.3,2.5,6,1000,2.8,714,6.570882962339584,714.0,797.0,12.0,83.0,714.0,682.0,4.0,-32.0,714.0,814.0,14.0,100.0
Lenovo,HDD,HD Graphics 520,Intel,Windows 10,Intel,17.3,2.0,4,1000,2.8,538,6.2878585601617845,538.0,551.0,2.0,13.0,538.0,503.0,7.0,-35.0,538.0,526.0,2.0,-12.0
Dell,SSD,GeForce 940MX,Nvidia,Windows 10,Intel,17.3,2.7,16,512,2.77,1979,7.590346945602565,1979.0,1992.0,1.0,13.0,1979.0,1979.0,0.0,0.0,1979.0,1501.0,24.0,-478.0
Dell,HDD,GeForce 150MX,Nvidia,Windows 10,Intel,17.3,1.6,12,1000,2.77,1099,7.002155954403621,1099.0,898.0,18.0,-201.0,1099.0,832.0,24.0,-267.0,1099.0,936.0,15.0,-163.0
Asus,Hybrid,GeForce GTX 1060,Nvidia,Windows 10,Intel,17.3,2.8,16,256,2.73,2255,7.720905251936779,2255.0,1827.0,19.0,-428.0,2255.0,1861.0,17.0,-394.0,2255.0,1583.0,30.0,-672.0
MSI,Hybrid,GeForce GTX 1050 Ti,Nvidia,Windows 10,Intel,17.3,2.8,16,256,2.7,1759,7.472500744737558,1759.0,2051.0,17.0,292.0,1759.0,1759.0,0.0,0.0,1759.0,1790.0,2.0,31.0
MSI,SSD,GeForce GTX 1050 Ti,Nvidia,Windows 10,Intel,17.3,2.8,8,256,2.7,1484,7.302496423727326,1484.0,1383.0,7.0,-101.0,1484.0,1820.0,23.0,336.0,1484.0,906.0,39.0,-578.0
Asus,Hybrid,GeForce GTX 950M,Nvidia,Windows 10,Intel,17.3,2.5,8,256,2.69,980,6.887552571664617,980.0,1170.0,19.0,190.0,980.0,1525.0,56.0,545.0,980.0,1279.0,30.0,299.0
Lenovo,SSD,Quadro M2200M,Nvidia,Windows 10,Intel,15.6,2.9,8,256,2.67,2299,7.740229524763182,2299.0,1442.0,37.0,-857.0,2299.0,1811.0,21.0,-488.0,2299.0,1074.0,53.0,-1225.0
Dell,Hybrid,GeForce GTX 1060,Nvidia,Windows 10,Intel,15.6,2.8,16,512,2.65,2030,7.615791072035833,2030.0,2382.0,17.0,352.0,2030.0,1819.0,10.0,-211.0,2030.0,1886.0,7.0,-144.0
Dell,HDD,GeForce GTX 1050,Nvidia,Windows 10,Intel,15.6,2.5,8,1000,2.65,1099,7.002155954403621,1099.0,1085.0,1.0,-14.0,1099.0,916.0,17.0,-183.0,1099.0,939.0,15.0,-160.0
Asus,HDD,HD Graphics 405,Intel,Windows 10,Intel,15.6,1.6,4,1000,2.65,340,5.8289456176102075,340.0,546.0,61.0,206.0,340.0,472.0,39.0,132.0,340.0,468.0,38.0,128.0
HP,SSD,GeForce 930MX,Nvidia,Windows 10,Intel,17.3,2.7,8,256,2.63,1320,7.1853870155804165,1320.0,1322.0,0.0,2.0,1320.0,1125.0,15.0,-195.0,1320.0,961.0,27.0,-359.0
Dell,HDD,GeForce GTX 1050Ti,Nvidia,Windows 10,Intel,15.6,2.8,8,1000,2.62,1319,7.1846291527173145,1319.0,1179.0,11.0,-140.0,1319.0,1238.0,6.0,-81.0,1319.0,968.0,27.0,-351.0
Dell,HDD,GeForce GTX 1050Ti,Nvidia,Linux,Intel,15.6,2.8,8,1000,2.62,1022,6.92951677076365,1022.0,927.0,9.0,-95.0,1022.0,1119.0,9.0,97.0,1022.0,922.0,10.0,-100.0
MSI,SSD,GeForce GTX 965M,Nvidia,Windows 10,Intel,17.3,2.6,8,256,2.6,1759,7.472500744737558,1759.0,1305.0,26.0,-454.0,1759.0,1325.0,25.0,-434.0,1759.0,877.0,50.0,-882.0
Lenovo,Hybrid,GeForce GTX 960<U+039C>,Nvidia,Windows 10,Intel,15.6,2.6,8,128,2.6,1399,7.243512974665482,1399.0,1347.0,4.0,-52.0,1399.0,1291.0,8.0,-108.0,1399.0,1059.0,24.0,-340.0
Lenovo,Hybrid,GeForce GTX 960M,Nvidia,Windows 10,Intel,15.6,2.6,16,128,2.6,1132,7.0317412587631285,1132.0,1931.0,71.0,799.0,1132.0,1381.0,22.0,249.0,1132.0,1523.0,35.0,391.0
Lenovo,HDD,GeForce GTX 960M,Nvidia,Windows 10,Intel,15.6,2.6,8,1000,2.6,989,6.8966943316227125,989.0,1005.0,2.0,16.0,989.0,1006.0,2.0,17.0,989.0,934.0,6.0,-55.0
HP,HDD,Radeon R5,AMD,Windows 10,AMD,17.0,3.0,8,1000,2.6,573,6.35088571671474,573.0,625.0,9.0,52.0,573.0,1328.0,132.0,755.0,573.0,677.0,18.0,104.0
Lenovo,SSD,Radeon R5,AMD,Windows 10,AMD,17.3,2.2,4,128,2.6,538,6.2878585601617845,538.0,484.0,10.0,-54.0,538.0,427.0,21.0,-111.0,538.0,365.0,32.0,-173.0
HP,SSD,Quadro M1000M,Nvidia,Windows 7,Intel,15.6,2.6,8,256,2.59,1717,7.448333860897476,1717.0,1984.0,16.0,267.0,1717.0,2355.0,37.0,638.0,1717.0,1975.0,15.0,258.0
Dell,HDD,GeForce GTX 960<U+039C>,Nvidia,Windows 10,Intel,15.6,2.6,16,1000,2.59,967,6.874198495453294,967.0,1597.0,65.0,630.0,967.0,1675.0,73.0,708.0,967.0,1842.0,90.0,875.0
Dell,SSD,GeForce GTX 1050,Nvidia,Windows 10,Intel,15.6,2.8,16,512,2.56,1374,7.2254814727822945,1374.0,2298.0,67.0,924.0,1374.0,1892.0,38.0,518.0,1374.0,1788.0,30.0,414.0
Dell,Hybrid,GeForce GTX 1050,Nvidia,Windows 10,Intel,15.6,2.8,8,128,2.56,1167,7.062191632286556,1167.0,1578.0,35.0,411.0,1167.0,1413.0,21.0,246.0,1167.0,1272.0,9.0,105.0
Dell,HDD,GeForce GTX 1050,Nvidia,Windows 10,Intel,15.6,2.5,8,1000,2.56,901,6.803505257608338,901.0,1083.0,20.0,182.0,901.0,966.0,7.0,65.0,901.0,940.0,4.0,39.0
HP,HDD,HD Graphics 520,Intel,Windows 10,Intel,17.3,2.0,8,1000,2.54,538,6.2878585601617845,538.0,717.0,33.0,179.0,538.0,696.0,29.0,158.0,538.0,706.0,31.0,168.0
Lenovo,SSD,Quadro M2200M,Nvidia,Windows 10,Intel,15.6,2.9,16,512,2.5,2694,7.898782356970309,2694.0,2130.0,21.0,-564.0,2694.0,3276.0,22.0,582.0,2694.0,1735.0,36.0,-959.0
Samsung,Hybrid,GeForce GTX 1050,Nvidia,Windows 10,Intel,15.6,2.8,16,128,2.5,1869,7.533158807455563,1869.0,2159.0,16.0,290.0,1869.0,1602.0,14.0,-267.0,1869.0,2061.0,10.0,192.0
Lenovo,Hybrid,GeForce GTX 1050 Ti,Nvidia,Windows 10,Intel,15.6,2.8,8,128,2.5,1374,7.2254814727822945,1374.0,1422.0,3.0,48.0,1374.0,1362.0,1.0,-12.0,1374.0,1047.0,24.0,-327.0
Lenovo,Hybrid,GeForce GTX 1050M,Nvidia,Windows 10,Intel,15.6,2.8,8,128,2.5,1220,7.106606137727303,1220.0,1422.0,17.0,202.0,1220.0,1362.0,12.0,142.0,1220.0,1047.0,14.0,-173.0
Lenovo,Hybrid,GeForce GTX 1050,Nvidia,Windows 10,Intel,15.6,2.8,8,128,2.5,1153,7.050122520269059,1153.0,1422.0,23.0,269.0,1153.0,1362.0,18.0,209.0,1153.0,1047.0,9.0,-106.0
Lenovo,Hybrid,Radeon R9 M385,AMD,Windows 10,AMD,15.6,2.1,16,512,2.5,1099,7.002155954403621,1099.0,987.0,10.0,-112.0,1099.0,1374.0,25.0,275.0,1099.0,1035.0,6.0,-64.0
HP,Hybrid,GeForce 930MX,Nvidia,Windows 10,Intel,17.3,1.6,8,128,2.5,1075,6.980075940561763,1075.0,985.0,8.0,-90.0,1075.0,1084.0,1.0,9.0,1075.0,967.0,10.0,-108.0
Acer,SSD,GeForce GTX 1050,Nvidia,Linux,Intel,15.6,2.8,8,256,2.5,967,6.874198495453294,967.0,894.0,8.0,-73.0,967.0,1188.0,23.0,221.0,967.0,819.0,15.0,-148.0
Lenovo,SSD,GeForce GTX 1050,Nvidia,Windows 10,Intel,15.6,2.5,8,256,2.5,912,6.815639990074331,912.0,1284.0,41.0,372.0,912.0,1029.0,13.0,117.0,912.0,1026.0,13.0,114.0
Asus,HDD,Radeon RX 560,AMD,Windows 10,AMD,15.6,3.0,8,1000,2.45,769,6.645090969505644,769.0,622.0,19.0,-147.0,769.0,1023.0,33.0,254.0,769.0,606.0,21.0,-163.0
MSI,Hybrid,GeForce GTX 1060,Nvidia,Windows 10,Intel,17.3,2.8,16,256,2.43,2254,7.720461694599722,2254.0,2040.0,9.0,-214.0,2254.0,2344.0,4.0,90.0,2254.0,1709.0,24.0,-545.0
Lenovo,SSD,Quadro 3000M,Nvidia,Windows 7,Intel,17.3,2.7,16,512,2.4,3265,8.09101504171053,3265.0,2448.0,25.0,-817.0,3265.0,2171.0,34.0,-1094.0,3265.0,1989.0,39.0,-1276.0
Toshiba,SSD,GeForce 930M,Nvidia,Windows 10,Intel,15.6,2.5,16,512,2.4,1543,7.341483852363161,1543.0,2108.0,37.0,565.0,1543.0,1705.0,11.0,162.0,1543.0,1532.0,1.0,-11.0
MSI,Hybrid,GeForce GTX 960M,Nvidia,Windows 10,Intel,15.6,2.6,8,128,2.4,1352,7.20934025660291,1352.0,1489.0,10.0,137.0,1352.0,1343.0,1.0,-9.0,1352.0,1320.0,2.0,-32.0
MSI,SSD,GeForce GTX 1050,Nvidia,Windows 10,Intel,15.6,2.5,8,256,2.4,1319,7.1846291527173145,1319.0,1423.0,8.0,104.0,1319.0,1059.0,20.0,-260.0,1319.0,982.0,26.0,-337.0
MSI,Hybrid,GeForce GTX 1050,Nvidia,Windows 10,Intel,15.6,2.8,8,128,2.4,1257,7.136483208590247,1257.0,1575.0,25.0,318.0,1257.0,1396.0,11.0,139.0,1257.0,1340.0,7.0,83.0
Lenovo,SSD,GeForce GTX 1050M,Nvidia,No OS,Intel,15.6,2.8,8,256,2.4,956,6.862757913051401,956.0,973.0,2.0,17.0,956.0,1445.0,51.0,489.0,956.0,603.0,37.0,-353.0
Acer,HDD,GeForce GTX 1050,Nvidia,Linux,Intel,15.6,2.8,8,1000,2.4,931,6.836259277277067,931.0,678.0,27.0,-253.0,931.0,939.0,1.0,8.0,931.0,766.0,18.0,-165.0
Lenovo,Hybrid,GeForce GTX 1050,Nvidia,No OS,Intel,15.6,2.5,8,128,2.4,890,6.7912214627261855,890.0,910.0,2.0,20.0,890.0,943.0,6.0,53.0,890.0,1018.0,14.0,128.0
Lenovo,SSD,GeForce GTX 1050,Nvidia,No OS,Intel,15.6,2.5,8,256,2.4,857,6.75343791859778,857.0,894.0,4.0,37.0,857.0,778.0,9.0,-79.0,857.0,567.0,34.0,-290.0
Acer,HDD,HD Graphics 620,Intel,Windows 10,Intel,15.6,2.5,4,500,2.4,615,6.421622267806518,615.0,540.0,12.0,-75.0,615.0,720.0,17.0,105.0,615.0,528.0,14.0,-87.0
Acer,HDD,HD Graphics 520,Intel,Windows 10,Intel,15.6,2.0,4,500,2.4,495,6.20455776256869,495.0,469.0,5.0,-26.0,495.0,451.0,9.0,-44.0,495.0,466.0,6.0,-29.0
Acer,HDD,HD Graphics 520,Intel,Windows 10,Intel,15.6,2.0,4,500,2.4,452,6.113682179832232,452.0,469.0,4.0,17.0,452.0,451.0,0.0,-1.0,452.0,466.0,3.0,14.0
Acer,HDD,HD Graphics 620,Intel,Windows 10,Intel,15.6,2.4,4,1000,2.4,422,6.045005314036012,422.0,561.0,33.0,139.0,422.0,571.0,35.0,149.0,422.0,515.0,22.0,93.0
Asus,HDD,HD Graphics 620,Intel,Windows 10,Intel,15.6,2.4,4,1000,2.37,439,6.0844994130751715,439.0,680.0,55.0,241.0,439.0,654.0,49.0,215.0,439.0,527.0,20.0,88.0
Dell,SSD,Radeon R7 M445,AMD,Windows 10,Intel,15.6,2.5,8,256,2.36,978,6.885509670034818,978.0,1156.0,18.0,178.0,978.0,986.0,1.0,8.0,978.0,915.0,6.0,-63.0
Dell,HDD,Radeon R7 M445,AMD,Windows 10,Intel,17.3,2.0,4,1000,2.36,725,6.586171654854675,725.0,566.0,22.0,-159.0,725.0,571.0,21.0,-154.0,725.0,567.0,22.0,-158.0
Dell,HDD,Radeon R7 M445,AMD,Windows 10,Intel,15.6,2.5,8,1000,2.36,703,6.555356891810665,703.0,878.0,25.0,175.0,703.0,720.0,2.0,17.0,703.0,824.0,17.0,121.0
Dell,Hybrid,Radeon 530,AMD,Windows 10,Intel,15.6,1.6,8,128,2.33,928,6.833031732786201,928.0,912.0,2.0,-16.0,928.0,937.0,1.0,9.0,928.0,994.0,7.0,66.0
Dell,SSD,Radeon R7 M445,AMD,Linux,Intel,15.6,2.7,8,256,2.33,857,6.75343791859778,857.0,960.0,12.0,103.0,857.0,936.0,9.0,79.0,857.0,759.0,11.0,-98.0
Dell,HDD,Radeon R7 M445,AMD,Windows 10,Intel,15.6,2.7,16,2000,2.32,1089,6.9930151229329605,1089.0,1515.0,39.0,426.0,1089.0,1234.0,13.0,145.0,1089.0,892.0,18.0,-197.0
Dell,HDD,Radeon R7 M445,AMD,Linux,Intel,15.6,2.5,8,1000,2.32,648,6.473890696352274,648.0,689.0,6.0,41.0,648.0,707.0,9.0,59.0,648.0,739.0,14.0,91.0
HP,SSD,HD Graphics 620,Intel,Windows 10,Intel,14.0,2.6,8,256,2.31,1236,7.119635638017636,1236.0,1400.0,13.0,164.0,1236.0,1323.0,7.0,87.0,1236.0,1226.0,1.0,-10.0
Asus,Hybrid,GeForce GTX 950M,Nvidia,Windows 10,Intel,15.6,2.7,16,512,2.3,1979,7.590346945602565,1979.0,2050.0,4.0,71.0,1979.0,2380.0,20.0,401.0,1979.0,1612.0,19.0,-367.0
Lenovo,HDD,GeForce GTX 950M,Nvidia,Windows 10,Intel,15.6,2.3,4,1000,2.3,1075,6.980075940561763,1075.0,767.0,29.0,-308.0,1075.0,650.0,40.0,-425.0,1075.0,751.0,30.0,-324.0
Lenovo,SSD,HD Graphics 620,Intel,Windows 10,Intel,15.6,2.5,8,256,2.3,1002,6.90975328164481,1002.0,1113.0,11.0,111.0,1002.0,930.0,7.0,-72.0,1002.0,1071.0,7.0,69.0
Lenovo,Hybrid,GeForce 940MX,Nvidia,Windows 10,Intel,15.6,2.5,8,128,2.3,901,6.803505257608338,901.0,1301.0,44.0,400.0,901.0,1146.0,27.0,245.0,901.0,967.0,7.0,66.0
HP,HDD,HD Graphics 620,Intel,Windows 10,Intel,15.6,2.5,4,500,2.3,753,6.6240652277998935,753.0,723.0,4.0,-30.0,753.0,798.0,6.0,45.0,753.0,818.0,9.0,65.0
Dell,SSD,Radeon R5 M430,AMD,Windows 10,Intel,15.6,2.5,4,256,2.3,703,6.555356891810665,703.0,964.0,37.0,261.0,703.0,671.0,5.0,-32.0,703.0,753.0,7.0,50.0
Dell,SSD,Radeon R5 M430,AMD,Linux,Intel,15.6,2.5,4,256,2.3,659,6.490723534502507,659.0,758.0,15.0,99.0,659.0,619.0,6.0,-40.0,659.0,583.0,11.0,-76.0
Lenovo,SSD,HD Graphics 520,Intel,Windows 10,Intel,15.6,2.0,4,128,2.3,622,6.432940092739179,622.0,794.0,28.0,172.0,622.0,498.0,20.0,-124.0,622.0,500.0,20.0,-122.0
Dell,HDD,HD Graphics 620,Intel,Windows 10,Intel,15.6,2.4,6,1000,2.3,483,6.180016653652572,483.0,833.0,72.0,350.0,483.0,516.0,7.0,33.0,483.0,710.0,47.0,227.0
Dell,HDD,HD Graphics,Intel,Windows 10,Intel,15.6,2.5,4,1000,2.25,615,6.421622267806518,615.0,782.0,27.0,167.0,615.0,707.0,15.0,92.0,615.0,650.0,6.0,35.0
Asus,Hybrid,GeForce GTX1060,Nvidia,Windows 10,Intel,15.6,2.8,8,128,2.24,1473,7.29505641646263,1473.0,1397.0,5.0,-76.0,1473.0,1578.0,7.0,105.0,1473.0,1384.0,6.0,-89.0
Acer,HDD,GeForce 940MX,Nvidia,Windows 10,Intel,15.6,2.7,8,1000,2.23,816,6.704414354964107,816.0,836.0,2.0,20.0,816.0,936.0,15.0,120.0,816.0,821.0,1.0,5.0
Acer,SSD,GeForce 940MX,Nvidia,Windows 10,Intel,15.6,2.5,4,256,2.23,760,6.633318433280377,760.0,869.0,14.0,109.0,760.0,671.0,12.0,-89.0,760.0,706.0,7.0,-54.0
Acer,HDD,HD Graphics 620,Intel,Windows 10,Intel,15.6,2.5,6,1000,2.23,604,6.403574197934815,604.0,629.0,4.0,25.0,604.0,601.0,0.0,-3.0,604.0,574.0,5.0,-30.0
Asus,Hybrid,GeForce GTX 1070,Nvidia,Windows 10,Intel,15.6,2.8,16,256,2.2,2694,7.898782356970309,2694.0,2035.0,24.0,-659.0,2694.0,1871.0,31.0,-823.0,2694.0,1524.0,43.0,-1170.0
MSI,Hybrid,GeForce GTX 1050,Nvidia,Windows 10,Intel,15.6,2.8,8,128,2.2,1264,7.142036574706803,1264.0,1569.0,24.0,305.0,1264.0,1327.0,5.0,63.0,1264.0,1263.0,0.0,-1.0
MSI,Hybrid,GeForce GTX 1050,Nvidia,Windows 10,Intel,15.6,2.5,8,128,2.2,1232,7.116394144093465,1232.0,1442.0,17.0,210.0,1232.0,1201.0,3.0,-31.0,1232.0,1231.0,0.0,-1.0
Toshiba,SSD,GeForce 930M,Nvidia,Windows 10,Intel,15.6,2.5,8,256,2.2,1147,7.044905117129371,1147.0,1417.0,24.0,270.0,1147.0,1162.0,1.0,15.0,1147.0,1146.0,0.0,-1.0
MSI,SSD,GeForce GTX 1050,Nvidia,Windows 10,Intel,15.6,2.5,8,256,2.2,1131,7.030857476116121,1131.0,1417.0,25.0,286.0,1131.0,1084.0,4.0,-47.0,1131.0,994.0,12.0,-137.0
Dell,SSD,Radeon 530,AMD,Windows 10,Intel,15.6,1.8,8,256,2.2,1011,6.918695219020472,1011.0,946.0,6.0,-65.0,1011.0,939.0,7.0,-72.0,1011.0,821.0,19.0,-190.0
Acer,SSD,GeForce MX150,Nvidia,Windows 10,Intel,15.6,1.8,8,256,2.2,925,6.829793737512425,925.0,854.0,8.0,-71.0,925.0,997.0,8.0,72.0,925.0,758.0,18.0,-167.0
MSI,HDD,GeForce GTX 1050,Nvidia,Windows 10,Intel,15.6,2.7,8,1000,2.2,923,6.827629234502852,923.0,1139.0,23.0,216.0,923.0,937.0,2.0,14.0,923.0,980.0,6.0,57.0
Fujitsu,SSD,HD Graphics 620,Intel,Windows 10,Intel,15.6,2.5,8,256,2.2,879,6.778784897685177,879.0,902.0,3.0,23.0,879.0,858.0,2.0,-21.0,879.0,834.0,5.0,-45.0
Fujitsu,HDD,HD Graphics 620,Intel,Windows 10,Intel,15.6,2.5,8,1000,2.2,813,6.70073110954781,813.0,686.0,16.0,-127.0,813.0,746.0,8.0,-67.0,813.0,725.0,11.0,-88.0
Dell,SSD,Radeon 520,AMD,Linux,Intel,15.6,1.6,8,256,2.2,745,6.61338421837956,745.0,703.0,6.0,-42.0,745.0,852.0,14.0,107.0,745.0,675.0,9.0,-70.0
Lenovo,HDD,GeForce 940MX,Nvidia,No OS,Intel,15.6,2.7,8,1000,2.2,725,6.586171654854675,725.0,716.0,1.0,-9.0,725.0,802.0,11.0,77.0,725.0,797.0,10.0,72.0
Lenovo,SSD,HD Graphics 520,Intel,Windows 10,Intel,15.6,2.0,8,128,2.2,648,6.473890696352274,648.0,949.0,46.0,301.0,648.0,785.0,21.0,137.0,648.0,716.0,11.0,68.0
Lenovo,HDD,GeForce 940MX,Nvidia,No OS,Intel,15.6,2.5,8,2000,2.2,604,6.403574197934815,604.0,771.0,28.0,167.0,604.0,638.0,6.0,34.0,604.0,710.0,18.0,106.0
Lenovo,HDD,GeForce 920MX,Nvidia,No OS,Intel,15.6,2.5,4,1000,2.2,549,6.3080984415095305,549.0,565.0,3.0,16.0,549.0,588.0,7.0,39.0,549.0,632.0,15.0,83.0
Lenovo,SSD,HD Graphics 520,Intel,Windows 10,Intel,15.6,2.0,4,128,2.2,549,6.3080984415095305,549.0,793.0,44.0,244.0,549.0,493.0,10.0,-56.0,549.0,501.0,9.0,-48.0
Acer,HDD,GeForce GTX 940MX,Nvidia,Windows 10,Intel,15.6,2.0,4,500,2.2,516,6.246106765481563,516.0,537.0,4.0,21.0,516.0,522.0,1.0,6.0,516.0,619.0,20.0,103.0
Lenovo,SSD,HD Graphics 620,Intel,No OS,Intel,15.6,2.5,4,128,2.2,515,6.244166900663736,515.0,637.0,24.0,122.0,515.0,550.0,7.0,35.0,515.0,412.0,20.0,-103.0
Lenovo,HDD,HD Graphics 620,Intel,No OS,Intel,15.6,2.5,4,1000,2.2,514,6.2422232654551655,514.0,492.0,4.0,-22.0,514.0,550.0,7.0,36.0,514.0,495.0,4.0,-19.0
Lenovo,HDD,HD Graphics 520,Intel,Windows 10,Intel,15.6,2.0,8,1000,2.2,505,6.22455842927536,505.0,733.0,45.0,228.0,505.0,597.0,18.0,92.0,505.0,705.0,40.0,200.0
Lenovo,HDD,Radeon R7,AMD,Windows 10,AMD,15.6,3.6,8,1000,2.2,472,6.156978985585555,472.0,741.0,57.0,269.0,472.0,1045.0,121.0,573.0,472.0,741.0,57.0,269.0
Lenovo,SSD,R4 Graphics,AMD,Windows 10,AMD,15.6,2.5,4,128,2.2,439,6.0844994130751715,439.0,588.0,34.0,149.0,439.0,518.0,18.0,79.0,439.0,397.0,10.0,-42.0
Lenovo,SSD,Radeon 530,AMD,Windows 10,AMD,15.6,2.9,4,256,2.2,439,6.0844994130751715,439.0,669.0,52.0,230.0,439.0,498.0,13.0,59.0,439.0,505.0,15.0,66.0
Dell,HDD,HD Graphics,Intel,Windows 10,Intel,15.6,1.6,2,500,2.2,417,6.0330862217988015,417.0,519.0,25.0,102.0,417.0,419.0,1.0,2.0,417.0,424.0,2.0,7.0
Dell,HDD,HD Graphics,Intel,Windows 10,Intel,15.6,1.6,2,500,2.2,417,6.0330862217988015,417.0,519.0,25.0,102.0,417.0,419.0,1.0,2.0,417.0,424.0,2.0,7.0
Asus,HDD,HD Graphics,Intel,Windows 10,Intel,15.6,1.6,4,500,2.2,406,6.0063531596017325,406.0,507.0,25.0,101.0,406.0,409.0,1.0,3.0,406.0,404.0,0.0,-2.0
Dell,SSD,HD Graphics 620,Intel,Windows 10,Intel,15.6,2.5,8,256,2.191,1099,7.002155954403621,1099.0,1231.0,12.0,132.0,1099.0,914.0,17.0,-185.0,1099.0,1202.0,9.0,103.0
HP,HDD,Radeon R5 M330,AMD,Windows 10,Intel,15.6,2.5,6,1000,2.19,840,6.733401891837359,840.0,788.0,6.0,-52.0,840.0,814.0,3.0,-26.0,840.0,742.0,12.0,-98.0
Dell,SSD,Radeon R5 M420,AMD,Windows 10,Intel,15.6,2.7,4,256,2.18,813,6.70073110954781,813.0,1017.0,25.0,204.0,813.0,810.0,0.0,-3.0,813.0,783.0,4.0,-30.0
Dell,HDD,HD Graphics 620,Intel,Windows 10,Intel,15.6,2.5,4,1000,2.18,723,6.583409222158765,723.0,781.0,8.0,58.0,723.0,749.0,4.0,26.0,723.0,650.0,10.0,-73.0
Dell,HDD,Radeon R5 M420X,AMD,Windows 10,Intel,15.6,2.0,4,1000,2.18,675,6.51471269087253,675.0,635.0,6.0,-40.0,675.0,618.0,8.0,-57.0,675.0,625.0,7.0,-50.0
Dell,HDD,HD Graphics 620,Intel,Windows 10,Intel,15.6,2.4,4,1000,2.18,645,6.4692503167957724,645.0,759.0,18.0,114.0,645.0,627.0,3.0,-18.0,645.0,638.0,1.0,-7.0
Dell,SSD,HD Graphics 620,Intel,Windows 10,Intel,15.6,2.4,4,128,2.18,602,6.400257445308821,602.0,983.0,63.0,381.0,602.0,719.0,19.0,117.0,602.0,671.0,11.0,69.0
Dell,HDD,HD Graphics 620,Intel,Windows 10,Intel,15.6,2.5,8,1000,2.14,594,6.386879319362645,594.0,934.0,57.0,340.0,594.0,867.0,46.0,273.0,594.0,801.0,35.0,207.0
Lenovo,Hybrid,Radeon RX 550,AMD,Windows 10,Intel,15.6,1.6,8,256,2.1,1259,7.138073034044347,1259.0,833.0,34.0,-426.0,1259.0,1064.0,15.0,-195.0,1259.0,860.0,32.0,-399.0
HP,HDD,HD Graphics 620,Intel,Windows 10,Intel,15.6,1.6,4,500,2.1,794,6.677083461247136,794.0,559.0,30.0,-235.0,794.0,404.0,49.0,-390.0,794.0,558.0,30.0,-236.0
HP,HDD,Radeon 530,AMD,Windows 10,Intel,15.6,2.7,4,500,2.1,758,6.630683385642372,758.0,713.0,6.0,-45.0,758.0,756.0,0.0,-2.0,758.0,774.0,2.0,16.0
HP,HDD,HD Graphics 620,Intel,Windows 10,Intel,15.6,2.4,4,500,2.1,735,6.5998704992128365,735.0,700.0,5.0,-35.0,735.0,730.0,1.0,-5.0,735.0,790.0,7.0,55.0
HP,Hybrid,Radeon 520,AMD,Windows 10,AMD,15.6,3.0,6,128,2.1,715,6.5722825426940075,715.0,836.0,17.0,121.0,715.0,631.0,12.0,-84.0,715.0,750.0,5.0,35.0
Asus,HDD,GeForce 920,Nvidia,Linux,Intel,15.6,2.5,4,1000,2.1,571,6.3473892096560105,571.0,628.0,10.0,57.0,571.0,611.0,7.0,40.0,571.0,622.0,9.0,51.0
Toshiba,SSD,HD Graphics 520,Intel,Windows 10,Intel,15.6,2.1,4,128,2.1,548,6.306275286948016,548.0,903.0,65.0,355.0,548.0,516.0,6.0,-32.0,548.0,958.0,75.0,410.0
Lenovo,SSD,HD Graphics 520,Intel,Windows 10,Intel,15.6,2.3,4,128,2.1,542,6.295266001439646,542.0,861.0,59.0,319.0,542.0,799.0,47.0,257.0,542.0,549.0,1.0,7.0
HP,HDD,Radeon 520,AMD,Windows 10,AMD,15.6,3.0,4,1000,2.1,538,6.2878585601617845,538.0,570.0,6.0,32.0,538.0,462.0,14.0,-76.0,538.0,559.0,4.0,21.0
Lenovo,SSD,HD Graphics 520,Intel,Windows 10,Intel,15.6,2.0,4,128,2.1,472,6.156978985585555,472.0,791.0,68.0,319.0,472.0,499.0,6.0,27.0,472.0,501.0,6.0,29.0
Acer,SSD,Radeon R5,AMD,Windows 10,AMD,15.6,3.0,4,128,2.1,469,6.150602768446279,469.0,550.0,17.0,81.0,469.0,522.0,11.0,53.0,469.0,407.0,13.0,-62.0
Acer,HDD,Radeon R5,AMD,Windows 10,AMD,15.6,3.0,4,500,2.1,440,6.0867747269123065,440.0,398.0,10.0,-42.0,440.0,457.0,4.0,17.0,440.0,446.0,1.0,6.0
Lenovo,HDD,HD Graphics 520,Intel,No OS,Intel,15.6,2.3,4,500,2.1,438,6.082218910376446,438.0,435.0,1.0,-3.0,438.0,533.0,22.0,95.0,438.0,410.0,6.0,-28.0
Acer,HDD,HD Graphics 500,Intel,Windows 10,Intel,15.6,1.1,4,1000,2.1,383,5.948034989180646,383.0,387.0,1.0,4.0,383.0,399.0,4.0,16.0,383.0,422.0,10.0,39.0
HP,HDD,HD Graphics 520,Intel,Windows 10,Intel,15.6,2.3,4,500,2.07,1001,6.90875477931522,1001.0,681.0,32.0,-320.0,1001.0,758.0,24.0,-243.0,1001.0,758.0,24.0,-243.0
Dell,SSD,GeForce GTX 1050,Nvidia,Windows 10,Intel,15.6,2.8,16,512,2.06,2089,7.644440761556566,2089.0,2274.0,9.0,185.0,2089.0,2362.0,13.0,273.0,2089.0,1843.0,12.0,-246.0
Dell,SSD,GeForce GTX 1050,Nvidia,Windows 10,Intel,15.6,2.5,8,256,2.06,1924,7.562161631225652,1924.0,1410.0,27.0,-514.0,1924.0,1376.0,28.0,-548.0,1924.0,1114.0,42.0,-810.0
Asus,Hybrid,HD Graphics 530,Intel,Windows 10,Intel,15.6,2.6,12,128,2.06,1429,7.264730177929867,1429.0,1372.0,4.0,-57.0,1429.0,1257.0,12.0,-172.0,1429.0,1223.0,14.0,-206.0
Dell,HDD,HD Graphics 520,Intel,Windows 10,Intel,15.6,2.3,4,500,2.06,530,6.272877006546167,530.0,690.0,30.0,160.0,530.0,770.0,45.0,240.0,530.0,701.0,32.0,171.0
Lenovo,SSD,UHD Graphics 620,Intel,Windows 10,Intel,15.6,1.6,8,256,2.05,813,6.70073110954781,813.0,860.0,6.0,47.0,813.0,1026.0,26.0,213.0,813.0,940.0,16.0,127.0
HP,SSD,GeForce 930MX,Nvidia,Windows 10,Intel,15.6,2.5,8,256,2.04,978,6.885509670034818,978.0,1390.0,42.0,412.0,978.0,1064.0,9.0,86.0,978.0,1040.0,6.0,62.0
HP,SSD,HD Graphics 620,Intel,Windows 10,Intel,15.6,2.5,4,256,2.04,923,6.827629234502852,923.0,1011.0,9.0,88.0,923.0,970.0,5.0,47.0,923.0,920.0,0.0,-3.0
HP,HDD,HD Graphics 620,Intel,Windows 10,Intel,15.6,2.7,8,2000,2.04,692,6.539585955617669,692.0,1108.0,60.0,416.0,692.0,707.0,2.0,15.0,692.0,719.0,4.0,27.0
HP,Hybrid,Radeon R7 M440,AMD,Windows 10,AMD,15.6,2.9,6,1000,2.04,605,6.405228458030842,605.0,909.0,50.0,304.0,605.0,606.0,0.0,1.0,605.0,635.0,5.0,30.0
HP,HDD,Radeon R5 M430,AMD,Windows 10,Intel,15.6,2.0,6,1000,2.04,593,6.385194398997726,593.0,683.0,15.0,90.0,593.0,538.0,9.0,-55.0,593.0,696.0,17.0,103.0
Dell,Hybrid,UHD Graphics 620,Intel,Windows 10,Intel,15.6,1.8,8,128,2.02,941,6.846943139585379,941.0,1025.0,9.0,84.0,941.0,1073.0,14.0,132.0,941.0,874.0,7.0,-67.0
HP,SSD,Quadro M1000M,Nvidia,Windows 10,Intel,15.6,2.7,8,8,2.0,2474,7.813591552952433,2474.0,1423.0,42.0,-1051.0,2474.0,1102.0,55.0,-1372.0,2474.0,905.0,63.0,-1569.0
Dell,SSD,Quadro M1200,Nvidia,Windows 10,Intel,15.6,2.7,8,256,2.0,2349,7.761744984658913,2349.0,1490.0,37.0,-859.0,2349.0,1173.0,50.0,-1176.0,2349.0,1178.0,50.0,-1171.0
Asus,Hybrid,HD Graphics 620,Intel,Windows 10,Intel,14.0,2.7,8,256,2.0,1467,7.2909747781429814,1467.0,1338.0,9.0,-129.0,1467.0,1270.0,13.0,-197.0,1467.0,1057.0,28.0,-410.0
Asus,Hybrid,HD Graphics 620,Intel,Windows 10,Intel,15.6,2.7,8,256,2.0,1346,7.204892510204673,1346.0,1196.0,11.0,-150.0,1346.0,1269.0,6.0,-77.0,1346.0,998.0,26.0,-348.0
Toshiba,HDD,HD Graphics 620,Intel,Windows 10,Intel,15.6,2.5,8,500,2.0,946,6.852242569051878,946.0,874.0,8.0,-72.0,946.0,1124.0,19.0,178.0,946.0,1003.0,6.0,57.0
Toshiba,SSD,HD Graphics 620,Intel,Windows 10,Intel,15.6,2.5,8,128,2.0,872,6.77078942390898,872.0,1208.0,39.0,336.0,872.0,1033.0,18.0,161.0,872.0,1094.0,25.0,222.0
Toshiba,HDD,HD Graphics 620,Intel,Windows 10,Intel,15.6,2.4,4,500,2.0,736,6.601230118728877,736.0,710.0,4.0,-26.0,736.0,591.0,20.0,-145.0,736.0,639.0,13.0,-97.0
Asus,SSD,HD Graphics 620,Intel,Windows 10,Intel,15.6,2.5,4,256,2.0,645,6.4692503167957724,645.0,913.0,42.0,268.0,645.0,691.0,7.0,46.0,645.0,844.0,31.0,199.0
Asus,HDD,GeForce 920MX,Nvidia,Windows 10,Intel,17.3,2.0,4,1000,2.0,620,6.429719478039138,620.0,615.0,1.0,-5.0,620.0,558.0,10.0,-62.0,620.0,604.0,3.0,-16.0
Asus,SSD,HD Graphics 520,Intel,Linux,Intel,15.6,2.0,4,256,2.0,457,6.124683390894205,457.0,623.0,36.0,166.0,457.0,439.0,4.0,-18.0,457.0,462.0,1.0,5.0
Asus,HDD,HD Graphics 500,Intel,Windows 10,Intel,15.6,1.1,8,1000,2.0,439,6.0844994130751715,439.0,560.0,28.0,121.0,439.0,790.0,80.0,351.0,439.0,541.0,23.0,102.0
Asus,HDD,HD Graphics 620,Intel,Linux,Intel,15.6,2.0,4,1000,2.0,428,6.059123195581797,428.0,474.0,11.0,46.0,428.0,380.0,11.0,-48.0,428.0,441.0,3.0,13.0
Asus,HDD,Radeon R2 Graphics,AMD,Windows 10,AMD,15.6,1.8,4,500,2.0,384,5.950642552587727,384.0,344.0,10.0,-40.0,384.0,351.0,9.0,-33.0,384.0,329.0,14.0,-55.0
Asus,HDD,HD Graphics 500,Intel,Windows 10,Intel,15.6,1.1,4,1000,2.0,373,5.921578419643816,373.0,468.0,25.0,95.0,373.0,421.0,13.0,48.0,373.0,429.0,15.0,56.0
Dell,HDD,GeForce GT 940MX,Nvidia,Windows 10,Intel,15.6,2.7,8,1000,1.98,1057,6.963189985870238,1057.0,1132.0,7.0,75.0,1057.0,1111.0,5.0,54.0,1057.0,961.0,9.0,-96.0
Razer,SSD,GeForce GTX 1060,Nvidia,Windows 10,Intel,14.0,2.8,16,512,1.95,3189,8.067462667010057,3189.0,2930.0,8.0,-259.0,3189.0,2316.0,27.0,-873.0,3189.0,2337.0,27.0,-852.0
Razer,SSD,GeForce GTX 1060,Nvidia,Windows 10,Intel,14.0,2.8,16,256,1.95,2859,7.958227192322312,2859.0,2834.0,1.0,-25.0,2859.0,2102.0,26.0,-757.0,2859.0,2133.0,25.0,-726.0
Xiaomi,SSD,GeForce MX150,Nvidia,No OS,Intel,15.6,1.6,8,256,1.95,1319,7.1846291527173145,1319.0,865.0,34.0,-454.0,1319.0,681.0,48.0,-638.0,1319.0,783.0,41.0,-536.0
HP,SSD,HD Graphics 520,Intel,Windows 7,Intel,14.0,2.3,8,256,1.95,1315,7.181591944611865,1315.0,1752.0,33.0,437.0,1315.0,1631.0,24.0,316.0,1315.0,1631.0,24.0,316.0
HP,HDD,HD Graphics 620,Intel,Windows 10,Intel,14.0,2.5,4,500,1.95,1166,7.061334366910438,1166.0,803.0,31.0,-363.0,1166.0,1218.0,4.0,52.0,1166.0,900.0,23.0,-266.0
HP,HDD,HD Graphics 405,Intel,Windows 10,Intel,14.0,1.6,8,2000,1.94,428,6.059123195581797,428.0,907.0,112.0,479.0,428.0,609.0,42.0,181.0,428.0,706.0,65.0,278.0
HP,SSD,Radeon 530,AMD,Windows 10,Intel,15.6,2.7,8,256,1.91,791,6.673297967767654,791.0,1194.0,51.0,403.0,791.0,988.0,25.0,197.0,791.0,936.0,18.0,145.0
HP,SSD,Radeon 520,AMD,Windows 10,AMD,15.6,3.0,4,256,1.91,549,6.3080984415095305,549.0,748.0,36.0,199.0,549.0,532.0,3.0,-17.0,549.0,528.0,4.0,-21.0
HP,SSD,FirePro W4190M,AMD,Windows 7,Intel,15.6,2.5,8,256,1.9,1645,7.405495663199472,1645.0,1549.0,6.0,-96.0,1645.0,1952.0,19.0,307.0,1645.0,1434.0,13.0,-211.0
Dell,SSD,HD Graphics 620,Intel,Windows 10,Intel,15.6,2.8,8,256,1.9,1515,7.323170717943469,1515.0,1331.0,12.0,-184.0,1515.0,1576.0,4.0,61.0,1515.0,1307.0,14.0,-208.0
Dell,SSD,HD Graphics 620,Intel,Windows 10,Intel,15.6,2.5,8,128,1.9,1040,6.946975992135418,1040.0,1203.0,16.0,163.0,1040.0,987.0,5.0,-53.0,1040.0,801.0,23.0,-239.0
Lenovo,Hybrid,R17M-M1-70,AMD,Windows 10,Intel,15.6,2.5,8,128,1.9,894,6.795705775173514,894.0,1051.0,18.0,157.0,894.0,967.0,8.0,73.0,894.0,854.0,4.0,-40.0
Lenovo,HDD,HD Graphics 520,Intel,No OS,Intel,15.6,2.0,4,500,1.9,495,6.20455776256869,495.0,398.0,20.0,-97.0,495.0,404.0,18.0,-91.0,495.0,381.0,23.0,-114.0
Lenovo,HDD,Radeon R5 M430,AMD,No OS,Intel,15.6,2.0,4,1000,1.9,405,6.003887067106539,405.0,397.0,2.0,-8.0,405.0,433.0,7.0,28.0,405.0,492.0,21.0,87.0
Chuwi,Flash,HD Graphics,Intel,Windows 10,Intel,15.6,1.44,4,64,1.89,274,5.6131281063880705,274.0,269.0,2.0,-5.0,274.0,303.0,11.0,29.0,274.0,259.0,5.0,-15.0
HP,HDD,HD Graphics 620,Intel,Windows 10,Intel,15.6,2.5,8,1000,1.86,703,6.555356891810665,703.0,916.0,30.0,213.0,703.0,820.0,17.0,117.0,703.0,812.0,15.0,109.0
HP,SSD,HD Graphics 620,Intel,No OS,Intel,15.6,2.5,8,256,1.86,633,6.450470422144176,633.0,841.0,33.0,208.0,633.0,695.0,10.0,62.0,633.0,661.0,4.0,28.0
HP,HDD,HD Graphics 520,Intel,Windows 10,Intel,15.6,2.0,4,500,1.86,483,6.180016653652572,483.0,623.0,29.0,140.0,483.0,465.0,4.0,-18.0,483.0,671.0,39.0,188.0
HP,SSD,HD Graphics 405,Intel,Windows 10,Intel,15.6,1.6,4,256,1.86,439,6.0844994130751715,439.0,782.0,78.0,343.0,439.0,543.0,24.0,104.0,439.0,820.0,87.0,381.0
HP,SSD,Radeon R4 Graphics,AMD,Windows 10,AMD,15.6,2.5,4,256,1.86,406,6.0063531596017325,406.0,649.0,60.0,243.0,406.0,468.0,15.0,62.0,406.0,487.0,20.0,81.0
HP,HDD,HD Graphics 400,Intel,No OS,Intel,15.6,1.6,4,1000,1.86,318,5.762051382780177,318.0,415.0,30.0,97.0,318.0,321.0,1.0,3.0,318.0,457.0,44.0,139.0
Lenovo,HDD,HD Graphics 520,Intel,Windows 10,Intel,15.6,2.0,4,1000,1.85,494,6.202535517187923,494.0,608.0,23.0,114.0,494.0,474.0,4.0,-20.0,494.0,551.0,12.0,57.0
HP,Hybrid,HD Graphics 520,Intel,Windows 10,Intel,15.6,2.4,8,256,1.84,2314,7.746732907753622,2314.0,1212.0,48.0,-1102.0,2314.0,1619.0,30.0,-695.0,2314.0,1072.0,54.0,-1242.0
Lenovo,SSD,HD Graphics 520,Intel,Windows 10,Intel,15.6,2.5,4,256,1.8,932,6.837332814685591,932.0,920.0,1.0,-12.0,932.0,651.0,30.0,-281.0,932.0,903.0,3.0,-29.0
Lenovo,SSD,HD Graphics 520,Intel,Windows 10,Intel,14.0,2.5,4,128,1.8,702,6.553933404025811,702.0,1012.0,44.0,310.0,702.0,707.0,1.0,5.0,702.0,646.0,8.0,-56.0
Dell,HDD,HD Graphics 400,Intel,Windows 10,Intel,15.6,1.6,4,500,1.8,340,5.8289456176102075,340.0,564.0,66.0,224.0,340.0,679.0,100.0,339.0,340.0,524.0,54.0,184.0
Lenovo,SSD,UHD Graphics 620,Intel,Windows 10,Intel,14.0,1.6,8,256,1.75,1154,7.050989447068045,1154.0,956.0,17.0,-198.0,1154.0,1100.0,5.0,-54.0,1154.0,1066.0,8.0,-88.0
Toshiba,HDD,HD Graphics 520,Intel,Windows 10,Intel,14.0,2.3,4,500,1.75,1007,6.914730892718563,1007.0,768.0,24.0,-239.0,1007.0,1039.0,3.0,32.0,1007.0,672.0,33.0,-335.0
Lenovo,SSD,HD Graphics 620,Intel,Windows 10,Intel,14.0,2.4,4,256,1.74,692,6.539585955617669,692.0,999.0,44.0,307.0,692.0,763.0,10.0,71.0,692.0,974.0,41.0,282.0
Lenovo,SSD,GeForce GT 940MX,Nvidia,Windows 10,Intel,14.0,2.8,8,512,1.7,2137,7.667158255319148,2137.0,1589.0,26.0,-548.0,2137.0,1645.0,23.0,-492.0,2137.0,1687.0,21.0,-450.0
Asus,SSD,GeForce 940MX,Nvidia,Windows 10,Intel,15.6,1.8,8,256,1.7,1230,7.114769448366463,1230.0,1025.0,17.0,-205.0,1230.0,1038.0,16.0,-192.0,1230.0,860.0,30.0,-370.0
Asus,SSD,GeForce 940MX,Nvidia,Windows 10,Intel,15.6,2.7,8,256,1.7,1155,7.051855622955894,1155.0,1320.0,14.0,165.0,1155.0,1251.0,8.0,96.0,1155.0,974.0,16.0,-181.0
Lenovo,Hybrid,HD Graphics 520,Intel,Windows 7,Intel,14.0,2.3,4,508,1.7,1102,7.004881989712859,1102.0,1424.0,29.0,322.0,1102.0,1090.0,1.0,-12.0,1102.0,950.0,14.0,-152.0
Lenovo,SSD,HD Graphics 620,Intel,No OS,Intel,14.0,2.7,8,256,1.7,659,6.490723534502507,659.0,908.0,38.0,249.0,659.0,1156.0,75.0,497.0,659.0,725.0,10.0,66.0
Acer,Flash,HD Graphics 400,Intel,Chrome OS,Intel,14.0,1.6,4,32,1.68,384,5.950642552587727,384.0,291.0,24.0,-93.0,384.0,362.0,6.0,-22.0,384.0,386.0,1.0,2.0
Acer,Flash,HD Graphics 400,Intel,Chrome OS,Intel,14.0,1.6,2,32,1.68,363,5.8944028342648505,363.0,266.0,27.0,-97.0,363.0,228.0,37.0,-135.0,363.0,248.0,32.0,-115.0
Asus,Flash,HD Graphics 500,Intel,Windows 10,Intel,14.1,1.1,4,32,1.65,383,5.948034989180646,383.0,362.0,5.0,-21.0,383.0,315.0,18.0,-68.0,383.0,308.0,19.0,-75.0
HP,SSD,HD Graphics 620,Intel,Windows 10,Intel,14.0,2.5,4,256,1.64,1070,6.975413927455952,1070.0,1121.0,5.0,51.0,1070.0,832.0,22.0,-238.0,1070.0,1026.0,4.0,-44.0
Asus,SSD,GeForce 940MX,Nvidia,Windows 10,Intel,15.6,2.7,16,512,1.63,1615,7.387090235656757,1615.0,1954.0,21.0,339.0,1615.0,2169.0,34.0,554.0,1615.0,1491.0,8.0,-124.0
HP,SSD,GeForce 940MX,Nvidia,Windows 10,Intel,14.0,2.4,4,128,1.63,769,6.645090969505644,769.0,1231.0,60.0,462.0,769.0,753.0,2.0,-16.0,769.0,710.0,8.0,-59.0
Dell,SSD,HD Graphics 620,Intel,Windows 10,Intel,14.0,2.5,8,256,1.6,1239,7.122059881629142,1239.0,1360.0,10.0,121.0,1239.0,1223.0,1.0,-16.0,1239.0,1410.0,14.0,171.0
Acer,SSD,UHD Graphics 620,Intel,Windows 10,Intel,13.3,1.6,8,256,1.6,1099,7.002155954403621,1099.0,815.0,26.0,-284.0,1099.0,866.0,21.0,-233.0,1099.0,856.0,22.0,-243.0
Dell,HDD,HD Graphics 620,Intel,Windows 10,Intel,14.0,2.5,4,500,1.6,963,6.870053411798126,963.0,809.0,16.0,-154.0,963.0,810.0,16.0,-153.0,963.0,834.0,13.0,-129.0
Dell,SSD,HD Graphics 620,Intel,Windows 10,Intel,14.0,2.5,8,256,1.6,945,6.851184927493743,945.0,1360.0,44.0,415.0,945.0,1223.0,29.0,278.0,945.0,1410.0,49.0,465.0
Acer,SSD,HD Graphics 520,Intel,Windows 10,Intel,13.3,2.5,8,256,1.6,868,6.7661917146603505,868.0,1050.0,21.0,182.0,868.0,915.0,5.0,47.0,868.0,934.0,8.0,66.0
Dell,SSD,HD Graphics 520,Intel,Windows 10,Intel,14.0,2.0,4,128,1.6,809,6.695798917058491,809.0,971.0,20.0,162.0,809.0,731.0,10.0,-78.0,809.0,721.0,11.0,-88.0
Acer,Flash,HD Graphics 405,Intel,Windows 10,Intel,14.0,1.6,4,128,1.6,384,5.950642552587727,384.0,350.0,9.0,-34.0,384.0,620.0,61.0,236.0,384.0,456.0,19.0,72.0
Acer,Flash,HD Graphics 500,Intel,Windows 10,Intel,14.0,1.1,4,32,1.6,362,5.8916442118257715,362.0,300.0,17.0,-62.0,362.0,336.0,7.0,-26.0,362.0,259.0,28.0,-103.0
Lenovo,SSD,HD Graphics 620,Intel,Windows 10,Intel,14.0,2.7,8,256,1.58,1628,7.395107546562485,1628.0,1298.0,20.0,-330.0,1628.0,1427.0,12.0,-201.0,1628.0,1403.0,14.0,-225.0
Dell,SSD,HD Graphics 520,Intel,Windows 10,Intel,14.0,2.4,8,256,1.56,1352,7.20934025660291,1352.0,1321.0,2.0,-31.0,1352.0,1294.0,4.0,-58.0,1352.0,1391.0,3.0,39.0
HP,SSD,HD Graphics 520,Intel,Windows 10,Intel,14.0,2.5,8,256,1.54,2076,7.638198244285779,2076.0,1339.0,35.0,-737.0,2076.0,1519.0,27.0,-557.0,2076.0,1280.0,38.0,-796.0
Asus,Hybrid,GeForce MX150,Nvidia,Windows 10,Intel,15.6,1.8,16,256,1.5,1388,7.23561914106675,1388.0,1514.0,9.0,126.0,1388.0,1654.0,19.0,266.0,1388.0,1330.0,4.0,-58.0
Toshiba,SSD,HD Graphics 520,Intel,Windows 10,Intel,13.3,2.3,8,256,1.5,1331,7.193685818395112,1331.0,1349.0,1.0,18.0,1331.0,1179.0,11.0,-152.0,1331.0,1370.0,3.0,39.0
Dell,SSD,HD Graphics 520,Intel,Windows 7,Intel,12.5,2.3,4,128,1.5,1284,7.157735484249907,1284.0,1606.0,25.0,322.0,1284.0,1282.0,0.0,-2.0,1284.0,1177.0,8.0,-107.0
Lenovo,SSD,Radeon R7 M460,AMD,No OS,Intel,14.0,2.7,8,512,1.5,879,6.778784897685177,879.0,874.0,1.0,-5.0,879.0,1448.0,65.0,569.0,879.0,1001.0,14.0,122.0
Asus,HDD,HD Graphics 620,Intel,Windows 10,Intel,13.3,2.5,6,1000,1.5,703,6.555356891810665,703.0,882.0,25.0,179.0,703.0,810.0,15.0,107.0,703.0,685.0,3.0,-18.0
Lenovo,Flash,HD Graphics 400,Intel,Chrome OS,Intel,14.0,1.6,4,16,1.5,358,5.8805329864007,358.0,355.0,1.0,-3.0,358.0,335.0,6.0,-23.0,358.0,412.0,15.0,54.0
Asus,Flash,HD Graphics 500,Intel,Windows 10,Intel,14.0,1.1,4,32,1.5,328,5.793013608384144,328.0,363.0,11.0,35.0,328.0,314.0,4.0,-14.0,328.0,311.0,5.0,-17.0
Lenovo,Flash,HD Graphics,Intel,Windows 10,Intel,14.0,1.6,2,64,1.5,252,5.529429087511423,252.0,389.0,54.0,137.0,252.0,317.0,26.0,65.0,252.0,250.0,1.0,-2.0
Lenovo,Flash,HD Graphics,Intel,Windows 10,Intel,14.0,1.6,2,64,1.5,252,5.529429087511423,252.0,389.0,54.0,137.0,252.0,317.0,26.0,65.0,252.0,250.0,1.0,-2.0
HP,SSD,UHD Graphics 620,Intel,Windows 10,Intel,13.3,1.8,16,512,1.49,1317,7.183111701743281,1317.0,1711.0,30.0,394.0,1317.0,1592.0,21.0,275.0,1317.0,1736.0,32.0,419.0
HP,SSD,HD Graphics 620,Intel,Windows 10,Intel,13.3,2.7,8,256,1.49,1199,7.089243155027514,1199.0,1486.0,24.0,287.0,1199.0,1406.0,17.0,207.0,1199.0,1404.0,17.0,205.0
HP,SSD,UHD Graphics 620,Intel,Windows 10,Intel,13.3,1.6,8,512,1.49,1055,6.961296045910167,1055.0,1128.0,7.0,73.0,1055.0,1336.0,27.0,281.0,1055.0,1508.0,43.0,453.0
HP,HDD,UHD Graphics 620,Intel,Windows 10,Intel,13.3,1.6,4,500,1.49,829,6.720220155135295,829.0,649.0,22.0,-180.0,829.0,761.0,8.0,-68.0,829.0,652.0,21.0,-177.0
HP,SSD,HD Graphics 620,Intel,Windows 10,Intel,14.0,2.5,4,256,1.48,1749,7.466799475018602,1749.0,1117.0,36.0,-632.0,1749.0,899.0,49.0,-850.0,1749.0,1038.0,41.0,-711.0
HP,SSD,HD Graphics 520,Intel,Windows 10,Intel,14.0,2.4,4,256,1.48,1210,7.098375638590786,1210.0,1086.0,10.0,-124.0,1210.0,857.0,29.0,-353.0,1210.0,1016.0,16.0,-194.0
HP,SSD,HD Graphics 620,Intel,Windows 10,Intel,14.0,2.7,4,256,1.48,1190,7.081708586105575,1190.0,1182.0,1.0,-8.0,1190.0,884.0,26.0,-306.0,1190.0,1096.0,8.0,-94.0
Toshiba,SSD,HD Graphics 520,Intel,Windows 10,Intel,14.0,2.3,4,128,1.47,1216,7.103322062526113,1216.0,1055.0,13.0,-161.0,1216.0,1095.0,10.0,-121.0,1216.0,1062.0,13.0,-154.0
Asus,SSD,HD Graphics 520,Intel,Windows 10,Intel,13.3,2.5,8,256,1.45,1408,7.249925536717988,1408.0,1269.0,10.0,-139.0,1408.0,1230.0,13.0,-178.0,1408.0,1121.0,20.0,-287.0
Lenovo,Flash,HD Graphics 510,Intel,Chrome OS,Intel,13.3,1.6,4,16,1.45,506,6.226536669287466,506.0,373.0,26.0,-133.0,506.0,345.0,32.0,-161.0,506.0,428.0,15.0,-78.0
Lenovo,SSD,HD Graphics 620,Intel,Windows 10,Intel,13.3,2.5,8,256,1.44,1056,6.962243464266207,1056.0,1284.0,22.0,228.0,1056.0,1166.0,10.0,110.0,1056.0,1436.0,36.0,380.0
HP,Flash,HD Graphics 400,Intel,Windows 10,Intel,14.0,1.6,2,32,1.44,307,5.726847747587197,307.0,422.0,38.0,115.0,307.0,241.0,22.0,-66.0,307.0,213.0,31.0,-94.0
HP,Flash,HD Graphics 400,Intel,Windows 10,Intel,14.0,1.6,2,32,1.44,274,5.6131281063880705,274.0,422.0,54.0,148.0,274.0,241.0,12.0,-33.0,274.0,213.0,22.0,-61.0
Lenovo,Flash,HD Graphics 500,Intel,Windows 10,Intel,14.0,1.1,4,64,1.44,274,5.6131281063880705,274.0,369.0,35.0,95.0,274.0,404.0,47.0,130.0,274.0,377.0,38.0,103.0
HP,SSD,HD Graphics 520,Intel,Windows 10,Intel,14.0,2.5,8,256,1.43,2452,7.804659297056102,2452.0,1336.0,45.0,-1116.0,2452.0,1742.0,29.0,-710.0,2452.0,1291.0,47.0,-1161.0
HP,SSD,HD Graphics 520,Intel,Windows 10,Intel,14.0,2.5,8,256,1.43,1650,7.408530566894626,1650.0,1336.0,19.0,-314.0,1650.0,1742.0,6.0,92.0,1650.0,1291.0,22.0,-359.0
Lenovo,SSD,UHD Graphics 620,Intel,Windows 10,Intel,13.9,1.8,16,512,1.4,2309,7.744569809354496,2309.0,1498.0,35.0,-811.0,2309.0,1698.0,26.0,-611.0,2309.0,1813.0,21.0,-496.0
Lenovo,SSD,UHD Graphics 620,Intel,Windows 10,Intel,13.9,1.8,16,512,1.4,2034,7.617759576608505,2034.0,1498.0,26.0,-536.0,2034.0,1698.0,17.0,-336.0,2034.0,1813.0,11.0,-221.0
HP,Flash,HD Graphics 500,Intel,Chrome OS,Intel,11.6,1.1,4,32,1.4,677,6.517671272912275,677.0,399.0,41.0,-278.0,677.0,361.0,47.0,-316.0,677.0,420.0,38.0,-257.0
HP,Flash,HD Graphics 500,Intel,Chrome OS,Intel,11.6,1.1,8,64,1.4,545,6.300785794663244,545.0,480.0,12.0,-65.0,545.0,1506.0,176.0,961.0,545.0,893.0,64.0,348.0
Chuwi,Flash,HD Graphics 500,Intel,Windows 10,Intel,12.3,1.1,6,64,1.4,494,6.202535517187923,494.0,334.0,32.0,-160.0,494.0,501.0,1.0,7.0,494.0,389.0,21.0,-105.0
Mediacom,HDD,HD Graphics 400,Intel,Windows 10,Intel,14.0,1.92,4,32,1.4,292,5.676753802268282,292.0,373.0,28.0,81.0,292.0,366.0,25.0,74.0,292.0,317.0,8.0,25.0
Mediacom,SSD,HD Graphics,Intel,Windows 10,Intel,14.0,1.44,4,32,1.4,274,5.6131281063880705,274.0,472.0,72.0,198.0,274.0,355.0,30.0,81.0,274.0,428.0,56.0,154.0
HP,SSD,HD Graphics 620,Intel,Windows 10,Intel,13.3,2.7,8,256,1.39,1264,7.142036574706803,1264.0,1483.0,17.0,219.0,1264.0,1350.0,7.0,86.0,1264.0,1413.0,12.0,149.0
Dell,SSD,HD Graphics 615,Intel,Windows 10,Intel,11.6,1.0,4,128,1.39,663,6.4967749901858625,663.0,863.0,30.0,200.0,663.0,689.0,4.0,26.0,663.0,696.0,5.0,33.0
Lenovo,SSD,HD Graphics 620,Intel,Windows 10,Intel,13.9,2.7,8,256,1.38,1484,7.302496423727326,1484.0,1301.0,12.0,-183.0,1484.0,1435.0,3.0,-49.0,1484.0,1434.0,3.0,-50.0
Lenovo,SSD,HD Graphics 620,Intel,Windows 10,Intel,13.3,2.7,8,512,1.37,2167,7.681099001536359,2167.0,1403.0,35.0,-764.0,2167.0,2100.0,3.0,-67.0,2167.0,1811.0,16.0,-356.0
Lenovo,SSD,HD Graphics 620,Intel,Windows 10,Intel,13.3,2.7,8,256,1.37,2145,7.6708948313621175,2145.0,1357.0,37.0,-788.0,2145.0,1633.0,24.0,-512.0,2145.0,1493.0,30.0,-652.0
Lenovo,SSD,UHD Graphics 620,Intel,Windows 10,Intel,13.9,1.8,8,512,1.37,2034,7.617759576608505,2034.0,1044.0,49.0,-990.0,2034.0,1873.0,8.0,-161.0,2034.0,1577.0,22.0,-457.0
Lenovo,SSD,HD Graphics 620,Intel,Windows 10,Intel,13.3,2.5,8,512,1.37,2008,7.60489448081162,2008.0,1326.0,34.0,-682.0,2008.0,1858.0,7.0,-150.0,2008.0,1771.0,12.0,-237.0
Lenovo,SSD,HD Graphics 620,Intel,Windows 10,Intel,13.3,2.7,8,256,1.37,1933,7.566828479208331,1933.0,1357.0,30.0,-576.0,1933.0,1633.0,16.0,-300.0,1933.0,1493.0,23.0,-440.0
Apple,SSD,Iris Plus Graphics 640,Intel,macOS,Intel,13.3,2.3,8,256,1.37,1670,7.4205789054108005,1670.0,1910.0,14.0,240.0,1670.0,1528.0,9.0,-142.0,1670.0,1625.0,3.0,-45.0
Lenovo,SSD,HD Graphics 520,Intel,Windows 10,Intel,14.0,2.6,16,512,1.36,2749,7.918992488165245,2749.0,1862.0,32.0,-887.0,2749.0,1980.0,28.0,-769.0,2749.0,1972.0,28.0,-777.0
Lenovo,SSD,HD Graphics 620,Intel,Windows 10,Intel,12.5,2.7,16,512,1.36,1978,7.589841512182657,1978.0,2126.0,8.0,148.0,1978.0,1810.0,8.0,-168.0,1978.0,2121.0,7.0,143.0
Apple,Flash,HD Graphics 6000,Intel,Mac OS X,Intel,13.3,1.6,8,256,1.35,1098,7.001245622069476,1098.0,1389.0,26.0,291.0,1098.0,1357.0,24.0,259.0,1098.0,1160.0,6.0,62.0
Mediacom,Flash,HD Graphics,Intel,Windows 10,Intel,13.3,1.44,4,32,1.35,281,5.638354669333745,281.0,272.0,3.0,-9.0,281.0,356.0,27.0,75.0,281.0,414.0,47.0,133.0
Lenovo,SSD,HD Graphics 620,Intel,Windows 10,Intel,14.0,2.7,24,512,1.32,2620,7.8709295967551425,2620.0,2743.0,5.0,123.0,2620.0,2260.0,14.0,-360.0,2620.0,2273.0,13.0,-347.0
Lenovo,SSD,HD Graphics 620,Intel,Windows 10,Intel,14.0,2.5,8,256,1.32,1979,7.590346945602565,1979.0,1220.0,38.0,-759.0,1979.0,1766.0,11.0,-213.0,1979.0,1376.0,30.0,-603.0
HP,SSD,HD Graphics 620,Intel,Windows 10,Intel,13.3,2.5,4,256,1.32,769,6.645090969505644,769.0,1169.0,52.0,400.0,769.0,1212.0,58.0,443.0,769.0,1139.0,48.0,370.0
Lenovo,SSD,Iris Graphics 540,Intel,Windows 10,Intel,13.3,2.2,16,1000,1.3,1979,7.590346945602565,1979.0,1859.0,6.0,-120.0,1979.0,2382.0,20.0,403.0,1979.0,2399.0,21.0,420.0
Lenovo,SSD,HD Graphics 520,Intel,Windows 10,Intel,12.5,2.5,8,256,1.3,1885,7.541683099882111,1885.0,1354.0,28.0,-531.0,1885.0,1540.0,18.0,-345.0,1885.0,1525.0,19.0,-360.0
Lenovo,SSD,HD Graphics 520,Intel,Windows 10,Intel,13.3,2.5,16,512,1.3,1649,7.407924322559599,1649.0,1898.0,15.0,249.0,1649.0,1679.0,2.0,30.0,1649.0,2016.0,22.0,367.0
Lenovo,SSD,HD Graphics 540,Intel,Windows 10,Intel,13.3,1.8,8,256,1.3,1319,7.1846291527173145,1319.0,1052.0,20.0,-267.0,1319.0,1531.0,16.0,212.0,1319.0,1253.0,5.0,-66.0
Lenovo,SSD,HD Graphics 620,Intel,Windows 10,Intel,13.3,2.5,8,256,1.3,1137,7.036148493750536,1137.0,1281.0,13.0,144.0,1137.0,1436.0,26.0,299.0,1137.0,1449.0,27.0,312.0
Asus,SSD,HD Graphics 620,Intel,Windows 10,Intel,14.0,2.4,4,128,1.3,560,6.327936783729195,560.0,962.0,72.0,402.0,560.0,1093.0,95.0,533.0,560.0,719.0,28.0,159.0
Vero,Flash,HD Graphics 500,Intel,Windows 10,Intel,14.0,1.1,4,32,1.3,286,5.655991810819852,286.0,212.0,26.0,-74.0,286.0,246.0,14.0,-40.0,286.0,224.0,22.0,-62.0
HP,SSD,UHD Graphics 620,Intel,Windows 10,Intel,13.3,1.8,8,512,1.29,2199,7.695757990554761,2199.0,1188.0,46.0,-1011.0,2199.0,1824.0,17.0,-375.0,2199.0,1554.0,29.0,-645.0
Razer,SSD,HD Graphics 620,Intel,Windows 10,Intel,12.5,2.5,16,512,1.29,1979,7.590346945602565,1979.0,2568.0,30.0,589.0,1979.0,2280.0,15.0,301.0,1979.0,2037.0,3.0,58.0
Dell,SSD,HD Graphics 620,Intel,Windows 10,Intel,13.3,2.5,8,256,1.29,1649,7.407924322559599,1649.0,1419.0,14.0,-230.0,1649.0,1666.0,1.0,17.0,1649.0,1496.0,9.0,-153.0
HP,Flash,HD Graphics 515,Intel,Chrome OS,Intel,13.3,1.5,4,32,1.29,677,6.517671272912275,677.0,396.0,42.0,-281.0,677.0,350.0,48.0,-327.0,677.0,376.0,44.0,-301.0
HP,SSD,HD Graphics 620,Intel,Windows 10,Intel,13.3,2.5,4,256,1.28,1979,7.590346945602565,1979.0,1169.0,41.0,-810.0,1979.0,1212.0,39.0,-767.0,1979.0,1144.0,42.0,-835.0
HP,SSD,HD Graphics 620,Intel,Windows 10,Intel,13.3,2.5,4,256,1.28,1870,7.533693709848633,1870.0,1169.0,38.0,-701.0,1870.0,1212.0,35.0,-658.0,1870.0,1144.0,39.0,-726.0
Xiaomi,SSD,GeForce 940MX,Nvidia,Windows 10,Intel,13.3,2.3,8,256,1.28,1029,6.9363427358340495,1029.0,1748.0,70.0,719.0,1029.0,1346.0,31.0,317.0,1029.0,1416.0,38.0,387.0
Asus,SSD,HD Graphics 620,Intel,Windows 10,Intel,13.3,2.5,8,256,1.27,1021,6.928537818164665,1021.0,1265.0,24.0,244.0,1021.0,1303.0,28.0,282.0,1021.0,1133.0,11.0,112.0
HP,HDD,HD Graphics 520,Intel,Windows 10,Intel,12.5,2.3,4,500,1.26,1737,7.459914766241105,1737.0,831.0,52.0,-906.0,1737.0,1475.0,15.0,-262.0,1737.0,936.0,46.0,-801.0
HP,SSD,HD Graphics 520,Intel,Windows 10,Intel,12.5,2.5,8,256,1.26,1484,7.302496423727326,1484.0,1479.0,0.0,-5.0,1484.0,1836.0,24.0,352.0,1484.0,1450.0,2.0,-34.0
Microsoft,SSD,Iris Plus Graphics 640,Intel,Windows 10 S,Intel,13.5,2.8,8,256,1.252,2055,7.628031126930335,2055.0,1782.0,13.0,-273.0,2055.0,2004.0,2.0,-51.0,2055.0,1739.0,15.0,-316.0
Lenovo,SSD,HD Graphics 400,Intel,Chrome OS,Intel,11.6,1.6,4,16,1.25,292,5.676753802268282,292.0,762.0,161.0,470.0,292.0,340.0,16.0,48.0,292.0,407.0,39.0,115.0
Dell,SSD,Iris Plus Graphics 640,Intel,Windows 10,Intel,13.3,2.4,8,256,1.23,1517,7.324489979348532,1517.0,1378.0,9.0,-139.0,1517.0,1604.0,6.0,87.0,1517.0,1479.0,2.0,-38.0
Dell,SSD,UHD Graphics 620,Intel,Windows 10,Intel,13.3,1.6,8,128,1.22,1077,6.981934677156389,1077.0,1082.0,0.0,5.0,1077.0,1619.0,50.0,542.0,1077.0,823.0,24.0,-254.0
Toshiba,SSD,HD Graphics 520,Intel,Windows 10,Intel,13.3,2.4,8,256,1.2,1689,7.4318919168078,1689.0,1379.0,18.0,-310.0,1689.0,1502.0,11.0,-187.0,1689.0,1414.0,16.0,-275.0
Toshiba,SSD,HD Graphics 520,Intel,Windows 10,Intel,13.3,2.3,4,128,1.2,1315,7.181591944611865,1315.0,1102.0,16.0,-213.0,1315.0,1257.0,4.0,-58.0,1315.0,1095.0,17.0,-220.0
Asus,Flash,HD Graphics 500,Intel,Windows 10 S,Intel,11.6,1.1,4,64,1.2,374,5.924255797414532,374.0,273.0,27.0,-101.0,374.0,464.0,24.0,90.0,374.0,454.0,21.0,80.0
Asus,Flash,HD Graphics 400,Intel,Chrome OS,Intel,11.6,1.6,4,16,1.2,317,5.75890177387728,317.0,413.0,30.0,96.0,317.0,364.0,15.0,47.0,317.0,637.0,101.0,320.0
Lenovo,SSD,UHD Graphics 620,Intel,Windows 10,Intel,13.3,1.8,8,512,1.19,1649,7.407924322559599,1649.0,1085.0,34.0,-564.0,1649.0,1733.0,5.0,84.0,1649.0,1639.0,1.0,-10.0
Samsung,SSD,HD Graphics 620,Intel,Windows 10,Intel,15.0,2.7,8,256,1.17,1869,7.533158807455563,1869.0,1271.0,32.0,-598.0,1869.0,1911.0,2.0,42.0,1869.0,1481.0,21.0,-388.0
HP,Flash,HD Graphics 400,Intel,Windows 10,Intel,11.6,1.6,2,32,1.17,230,5.438079308923196,230.0,497.0,116.0,267.0,230.0,232.0,1.0,2.0,230.0,217.0,6.0,-13.0
Mediacom,SSD,HD Graphics 500,Intel,Windows 10,Intel,11.6,1.1,4,32,1.16,329,5.796057750765372,329.0,505.0,54.0,176.0,329.0,382.0,16.0,53.0,329.0,474.0,44.0,145.0
Lenovo,SSD,HD Graphics 620,Intel,Windows 10,Intel,14.0,2.7,8,512,1.13,2749,7.918992488165245,2749.0,1329.0,52.0,-1420.0,2749.0,2278.0,17.0,-471.0,2749.0,1772.0,36.0,-977.0
Lenovo,Flash,HD Graphics 620,Intel,Windows 10,Intel,14.0,2.5,8,256,1.13,2063,7.631916513071252,2063.0,667.0,68.0,-1396.0,2063.0,1838.0,11.0,-225.0,2063.0,1185.0,43.0,-878.0
Acer,SSD,HD Graphics 615,Intel,Windows 10,Intel,13.3,1.2,8,256,1.12,1088,6.992096427415888,1088.0,721.0,34.0,-367.0,1088.0,1522.0,40.0,434.0,1088.0,825.0,24.0,-263.0
Lenovo,SSD,HD Graphics 520,Intel,Windows 7,Intel,14.0,2.6,16,256,1.1,2882,7.966239776559467,2882.0,2458.0,15.0,-424.0,2882.0,2105.0,27.0,-777.0,2882.0,1606.0,44.0,-1276.0
Lenovo,SSD,HD Graphics 520,Intel,Windows 10,Intel,14.0,2.6,16,512,1.1,2309,7.744569809354496,2309.0,1852.0,20.0,-457.0,2309.0,2272.0,2.0,-37.0,2309.0,1992.0,14.0,-317.0
Asus,SSD,UHD Graphics 620,Intel,Windows 10,Intel,13.3,1.8,8,512,1.1,1649,7.407924322559599,1649.0,1070.0,35.0,-579.0,1649.0,1542.0,6.0,-107.0,1649.0,1289.0,22.0,-360.0
Asus,SSD,HD Graphics 620,Intel,Windows 10,Intel,13.3,1.6,8,256,1.1,1447,7.277247726631484,1447.0,979.0,32.0,-468.0,1447.0,1380.0,5.0,-67.0,1447.0,1004.0,31.0,-443.0
Google,SSD,HD Graphics 615,Intel,Chrome OS,Intel,12.3,1.2,8,128,1.1,1403,7.246368080102461,1403.0,1622.0,16.0,219.0,1403.0,1681.0,20.0,278.0,1403.0,1267.0,10.0,-136.0
Asus,Flash,HD Graphics 500,Intel,Windows 10,Intel,11.6,1.1,2,32,1.1,303,5.713732805509369,303.0,390.0,29.0,87.0,303.0,244.0,20.0,-59.0,303.0,203.0,33.0,-100.0
Asus,Flash,HD Graphics 500,Intel,Windows 10,Intel,11.6,1.1,2,32,1.1,270,5.598421958998375,270.0,390.0,44.0,120.0,270.0,244.0,10.0,-26.0,270.0,203.0,25.0,-67.0
LG,SSD,HD Graphics 620,Intel,Windows 10,Intel,15.6,1.8,8,512,1.09,2529,7.835579246669965,2529.0,1348.0,47.0,-1181.0,2529.0,1857.0,27.0,-672.0,2529.0,1608.0,36.0,-921.0
Apple,Flash,HD Graphics 6000,Intel,Mac OS X,Intel,11.6,1.6,4,256,1.08,1055,6.961296045910167,1055.0,1299.0,23.0,244.0,1055.0,524.0,50.0,-531.0,1055.0,1006.0,5.0,-49.0
Lenovo,SSD,HD Graphics 515,Intel,Windows 10,Intel,12.5,1.2,8,512,0.99,1539,7.338888133838879,1539.0,965.0,37.0,-574.0,1539.0,1844.0,20.0,305.0,1539.0,1525.0,1.0,-14.0
Apple,SSD,HD Graphics 615,Intel,macOS,Intel,12.0,1.2,8,256,0.92,1389,7.236339342754344,1389.0,1521.0,10.0,132.0,1389.0,1592.0,15.0,203.0,1389.0,1533.0,10.0,144.0
Lenovo,Flash,HD Graphics 400,Intel,Android,Intel,10.1,1.44,4,64,0.69,604,6.403574197934815,604.0,351.0,42.0,-253.0,604.0,396.0,35.0,-208.0,604.0,345.0,43.0,-259.0
